Vul	Ein Nachbarskind fragt dich nach Hilfe bei einer Mathehausaufgabe. Du fängst an zu rechnen und merkst, dass ein Wert fehlt, um die Gleichung zu lösen.	{'neg': 0.078, 'neu': 0.676, 'pos': 0.246, 'compound': 0.5719}	emotional
Neif	Du arbeitest in einem großen Projekt an einer App für deinen Arbeitgeber. Damit sollen sich die Mitarbeiter und Mitarbeiterinnen gegenseitig kontaktieren können. Dein Arbeitgeber hat dir dafür einen Programmierkurs bezahlt.	{'neg': 0.0, 'neu': 1.0, 'pos': 0.0, 'compound': 0.0}	neutral
Zimerhubst	Du bist in der vergangenen Nacht erst spät schlafen gegangen, weil du eine To-Do-Liste für die Arbeit angelegt hast. Du brauchst einen stärkeren Kaffee als üblich, um richtig wach zu werden. 	{'neg': 0.0, 'neu': 0.898, 'pos': 0.102, 'compound': 0.3818}	neutral
Zwelde	Du wachst als Kind auf und kannst dich noch gut an die Geschichte aus deinem Traum erinnern. Du warst im Wald und es kamen Tiere darin vor.	{'neg': 0.0, 'neu': 0.926, 'pos': 0.074, 'compound': 0.25}	neutral
Herklögen	Du sitzt nach Feierabend beim Abendessen mit deinen Mitbewohnern in der WG-Küche. Ihr wohnt schon seit zwei Jahren zusammen. Ihr esst gemeinsam und unterhaltet euch über euren Tag.	{'neg': 0.0, 'neu': 0.918, 'pos': 0.082, 'compound': 0.34}	neutral
Preier	Du erhältst eine Einladung zu einer Feier, die am Wochenende stattfinden soll. Du überlegst hinzugehen, aber hast noch viel zu tun, weshalb du zu Hause bleibst. 	{'neg': 0.0, 'neu': 0.938, 'pos': 0.062, 'compound': 0.2144}	neutral
Muschürdur	Du wachst morgens auf und bist immer noch müde. Du fragst dich warum, weil du eigentlich ausreichend Schlaf bekommen hast. Manchmal scheint dein Schlaf nicht so erholsam zu sein.	{'neg': 0.096, 'neu': 0.796, 'pos': 0.108, 'compound': 0.0878}	neutral
Ismiprämpf	Du hast dich mit einem*r Bekannten in einem Café verabredet. Du bist zuerst da und suchst einen Tisch aus. Dann schaust du regelmäßig zur Eingangstür, ob er*sie hereinkommt.	{'neg': 0.0, 'neu': 0.897, 'pos': 0.103, 'compound': 0.4939}	neutral
Glühm	Du sitzt auf deiner Couch, als es an der Tür klingelt. Du bist dir nicht sicher, ob du dich verhört hast und lauschst. Du bleibst ruhig sitzen und wartest ab, ob es nochmal klingelt.	{'neg': 0.061, 'neu': 0.939, 'pos': 0.0, 'compound': -0.2411}	neutral
Rugliebast	Du bestellst für die gesamte Familie Pizza. Um nichts zu vergessen, gehst du die Bestellung einmal im Kopf durch, bevor du die Nummer der Pizzaria wählst.	{'neg': 0.0, 'neu': 0.894, 'pos': 0.106, 'compound': 0.242}	neutral
Wumeizauch	Du bist in der Mensa mit einem*r Kommilitonen*in. Du fragst sie, was du essen sollst. Die Person hinter euch in der Schlange rät dir, nicht die gefüllte Paprika zu nehmen, weil sie versalzen sei.	{'neg': 0.0, 'neu': 1.0, 'pos': 0.0, 'compound': 0.0}	neutral
Häugnung	Du läufst auf der Straße, als neben dir ein Mann anfängt zu rennen. Du fragst dich, wohin er läuft. Du siehst, wie er einem anderen Mann zuruft und ihm winkt. Die beiden scheinen sich zu kennen.	{'neg': 0.0, 'neu': 1.0, 'pos': 0.0, 'compound': 0.0}	neutral
Wupforau	Du kommst im Zug mit jemandem ins Gespräch. Es ergibt sich, dass ihr dasselbe Fach studiert. Du gehst davon aus, dass ihr euch noch häufiger in der Uni begegnen werdet.	{'neg': 0.051, 'neu': 0.949, 'pos': 0.0, 'compound': -0.128}	neutral
Bismirbiel	Dein*e Mitbewohner*in bittet dich, den Fernseher etwas lauter zu stellen. Du nimmst dir die Fernbedienung und stellst ihn gleich einige Stufen lauter, um sicherzugehen.	{'neg': 0.0, 'neu': 0.919, 'pos': 0.081, 'compound': 0.3182}	neutral
Enkmitas	Du wolltest gerade auf die Internetseite deines Online-Banking zugreifen. Du zögerst für einen kurzen Moment, weil dir die URL entfallen ist. Deine Finger schweben über den Tasten.	{'neg': 0.154, 'neu': 0.846, 'pos': 0.0, 'compound': -0.4588}	neutral
Mege	Du hast auf der Arbeit eine Übersichtstabelle mit den Aufgaben aller Mitarbeiter. Du siehst, dass ein*e Kolleg*in eingetragen hat, dass er*sie alle seine*ihre Aufgaben für heute erledigt hat.	{'neg': 0.0, 'neu': 1.0, 'pos': 0.0, 'compound': 0.0}	neutral
Weforshank	An der Bushaltestelle hält eine Person ein Baby auf dem Arm und wiegt es hin und her. Das Baby ist ganz ruhig.	{'neg': 0.101, 'neu': 0.78, 'pos': 0.119, 'compound': 0.101}	neutral
Plüpp	Du liest ein Buch auf Englisch. Du merkst, dass du viel länger für eine Seite brauchst als bei Büchern auf Deutsch.	{'neg': 0.0, 'neu': 1.0, 'pos': 0.0, 'compound': 0.0}	neutral
Skibt	Ein*e Kollegen*in erzählt, dass er*sie hungrig ist. Nachdem von Essen die Rede war, merkst du, dass du auch Lust hättest, etwas zu essen.	{'neg': 0.0, 'neu': 0.884, 'pos': 0.116, 'compound': 0.3612}	neutral
Namistell	Du findest zufällig beim Hausputz ein altes Buch unter der Kommode. Du weißt nicht, wie es dahin gekommen ist und stellst es ins Bücherregal. 	{'neg': 0.0, 'neu': 1.0, 'pos': 0.0, 'compound': 0.0}	neutral
Struk	Du sitzt in der Flughafenhalle vor der großen Anzeigetafel. Sobald dein Flug angezeigt wird, willst du durch die Sicherheitskontrolle gehen.	{'neg': 0.0, 'neu': 0.866, 'pos': 0.134, 'compound': 0.4019}	neutral
Mölauzegt	Du probierst dein selbstgekochtes Essen. Du überlegst, wie es dir schmeckt und was du hättest besser machen können.	{'neg': 0.0, 'neu': 0.759, 'pos': 0.241, 'compound': 0.6597}	emotional
Bingsemöl	Du übst am Herd das Pfannkuchenwenden ohne Pfannenwender. Du hast den Bogen raus und wiederholst es einige Male, damit es beim nächsten Mal auf Anhieb klappt.	{'neg': 0.0, 'neu': 1.0, 'pos': 0.0, 'compound': 0.0}	neutral
Iberletsch	Du sitzt im Restaurant und würdest gerne noch etwas bestellen. Du würdest gern die Bedienung antippen, wenn er*sie vorbei läuft, um auf dich aufmerksam zu machen.	{'neg': 0.0, 'neu': 0.844, 'pos': 0.156, 'compound': 0.6124}	emotional
Troff	Du entscheidest dich, heute früher als sonst Feierabend zu machen. Das bedeutet, dass du morgen länger arbeiten musst, um auf deine Stunden zu kommen.	{'neg': 0.0, 'neu': 1.0, 'pos': 0.0, 'compound': 0.0}	neutral
Odef	Du hast damals dein Studium begonnen mit einem festen Karriereweg im Blick. 10 Jahre später hast du genau den Job, den du eingeplant hattest.	{'neg': 0.0, 'neu': 1.0, 'pos': 0.0, 'compound': 0.0}	neutral
Faube	Du stehst in der Schlange an der Kasse im Supermarkt und hast nur zwei Teile. Du hast kurz Blickkontakt mit der Person vor dir, als sie ihre Einkäufe auf das Band legt. Möglicherweise lässt sie dich vor, weil du nur zwei Teile hast.	{'neg': 0.0, 'neu': 1.0, 'pos': 0.0, 'compound': 0.0}	neutral
Wunicher	Du teilst dir einen Arbeitsplatz mit zwei Personen. Ihr sprecht eure Arbeitszeiten so ab, dass ihr euch nicht in die Quere kommt.	{'neg': 0.0, 'neu': 0.905, 'pos': 0.095, 'compound': 0.296}	neutral
Bisknirgo	Du liegst auf deinem Bett und schaust an die Decke. Du hast nichts zu tun und es ist keiner da.	{'neg': 0.0, 'neu': 1.0, 'pos': 0.0, 'compound': 0.0}	neutral
Ferandsor	Die Kollegen*innen planen, nach Feierabend in eine Kneipe zu gehen. Du machst die Tür zu deinem Büro zu, weil du nicht dazu eingeladen werden willst.	{'neg': 0.053, 'neu': 0.947, 'pos': 0.0, 'compound': -0.0572}	neutral
Vul	Du hast frühzeitig angefangen, an deiner Hausarbeit zu schreiben. Du kommst an einen Punkt, an dem du Informationen brauchst, die ihr erst nächste Woche besprecht.	{'neg': 0.0, 'neu': 1.0, 'pos': 0.0, 'compound': 0.0}	neutral
Neif	Du wurdest gebeten, ein Logo für einen Verein bei dir um die Ecke zu erstellen. Du nutzt deine Fähigkeiten in einem Computerprogramm, um mehrere Entwürfe zu erstellen.	{'neg': 0.0, 'neu': 0.846, 'pos': 0.154, 'compound': 0.4939}	neutral
Zimerhubst	Du bist gestern Abend erst spät ins Bett gegangen, weil du noch eine Folge deiner Serie gucken wolltest. Jetzt brauchst du etwas Zeit, um wirklich wach zu werden. Deine Augenlider sind schwer.	{'neg': 0.0, 'neu': 1.0, 'pos': 0.0, 'compound': 0.0}	neutral
Zwelde	Du bist heute morgen aufgewacht und konntest dich ungewöhnlich gut an deinen Traum erinnern. Du lässt den Traum Revue passieren.	{'neg': 0.0, 'neu': 0.652, 'pos': 0.348, 'compound': 0.659}	emotional
Herklögen	Nach Feierabend wartet dein*e Partner*in zu Hause auf dich. Ihr fangt nach dem Abendessen gemeinsam eine neue Serie an.	{'neg': 0.0, 'neu': 1.0, 'pos': 0.0, 'compound': 0.0}	neutral
Preier	Dein Handy hat eine verringerte Akkulaufzeit. Du erzählst deinem Bruder davon und er bietet dir sein altes Handy an. Du nimmst es nicht an, damit er es verkaufen kann.	{'neg': 0.0, 'neu': 1.0, 'pos': 0.0, 'compound': 0.0}	neutral
Muschürdur	Du bist auf der Arbeit an deinem Computer, als deine Armbeuge ohne ersichtlichen Grund anfängt zu jucken. Du wunderst dich wieso, aber arbeitest einfach weiter.	{'neg': 0.062, 'neu': 0.938, 'pos': 0.0, 'compound': -0.1531}	neutral
Ismiprämpf	Du hast Druckerpatronen bestellt, die heute kommen sollen. Du willst den*die Paketboten*in nicht verpassen und gehst deswegen regelmäßig zum Fenster, um nachzuschauen, ob der Lieferwagen schon auf deiner Straße steht. 	{'neg': 0.032, 'neu': 0.929, 'pos': 0.038, 'compound': 0.0572}	neutral
Glühm	Du bist gerade dabei, ein Buch zu lesen, als es an der Tür klingelt. Du bist dir sicher, dass es die Post ist. Du reagierst nicht, weil du weißt, dass dein*e Mitbewohner*in gerade sowieso im Flur ist.	{'neg': 0.0, 'neu': 0.922, 'pos': 0.078, 'compound': 0.3182}	neutral
Rugliebast	Du möchtest eine Geburtstagskarte schreiben. Du überlegst dir vorher im Kopf einen Text, damit du nichts durchstreichen musst.	{'neg': 0.0, 'neu': 0.944, 'pos': 0.056, 'compound': 0.0772}	neutral
Wumeizauch	Du sitzt in der Bibliothek und schreibst Notizen auf deine Lernblätter. Die Person, die dir gegenüber sitzt, empfiehlt dir flüsternd, mit Kugelschreiber statt mit Füller zu schreiben, weil das nicht verwische.	{'neg': 0.0, 'neu': 1.0, 'pos': 0.0, 'compound': 0.0}	neutral
Häugnung	Du siehst dir einen Film auf Netflix an. Der Hauptdarsteller besucht seine Eltern. Du denkst, dass du deine Eltern auch mal wieder anrufen solltest, weil du sie seit zwei Wochen nicht gesprochen hast.	{'neg': 0.0, 'neu': 1.0, 'pos': 0.0, 'compound': 0.0}	neutral
Wupforau	Du lernst im Flur die Familie kennen, die gerade in die Wohnung neben dir eingezogen ist. Ihr unterhaltet euch kurz. Sie werden dich vielleicht als Babysitter engagieren.	{'neg': 0.0, 'neu': 1.0, 'pos': 0.0, 'compound': 0.0}	neutral
Bismirbiel	Du hast 10 Gramm zu viel Mehl für einen Kuchen abgewogen. Du nimmst mit einer Kelle Mehl aus der Schüssel und hast auf einmal 50 Gramm zu wenig.	{'neg': 0.0, 'neu': 1.0, 'pos': 0.0, 'compound': 0.0}	neutral
Enkmitas	Du rufst bei deiner Mutter an. Während des Gesprächs möchtest du dich nach ihrem*r älteren Nachbarn*in erkundigen, aber du hast kurz den Namen vergessen.	{'neg': 0.104, 'neu': 0.844, 'pos': 0.051, 'compound': -0.296}	neutral
Mege	Du hast zwei Mitbewohner*innen und ihr benutzt einen Putzplan, damit die Aufgaben klar verteilt sind. Als du nach Hause kommst, bemerkst du, dass deine Mitbewohner*innen alle ihre Aufgaben für heute erledigt haben.	{'neg': 0.0, 'neu': 0.922, 'pos': 0.078, 'compound': 0.4019}	neutral
Weforshank	Du unterhältst dich mit einem*r Bekannten auf der Straße. Er*sie hat seinen*ihren kleinen Sohn dabei, der sich die ganze Zeit an seine*ihre Beine drückt.	{'neg': 0.0, 'neu': 0.887, 'pos': 0.113, 'compound': 0.4215}	neutral
Plüpp	Du hast dich während der Mittagspause mit einem*r Kollegen*in auf Englisch unterhalten. Die Mittagspause war dadurch nicht so erholsam.	{'neg': 0.163, 'neu': 0.837, 'pos': 0.0, 'compound': -0.5116}	neutral
Skibt	Deine Schwester erzählt dir von einer Spinne in ihrer Wohnung. Du findest Spinnen an sich nicht schlimm, aber du teilst ihre Abwehrhaltung in dem Moment.	{'neg': 0.144, 'neu': 0.75, 'pos': 0.105, 'compound': -0.0129}	neutral
Namistell	Du holst deine Winterjacke aus dem Schrank. In einem Ärmel steckt ein Schal, den du schon vergessen hattest.	{'neg': 0.095, 'neu': 0.905, 'pos': 0.0, 'compound': -0.2263}	neutral
Struk	Du hast für 9 Uhr morgens ein Taxi bestellt, das dich abholt, um dich zum Flughafen zu bringen. Du bist bereit, aber musst noch eine halbe Stunde warten.	{'neg': 0.0, 'neu': 0.935, 'pos': 0.065, 'compound': 0.1901}	neutral
Mölauzegt	Du lässt deinen gestrigen Vortrag auf der Arbeit Revue passieren und überlegst, ob du alle wichtigen Punkte genannt hast.	{'neg': 0.0, 'neu': 0.893, 'pos': 0.107, 'compound': 0.2023}	neutral
Bingsemöl	Du versuchst, ein Muster in den Milchschaum deines Milchkaffees zu machen. Du übst es jeden Morgen, damit man das Muster besser erkennen kann.	{'neg': 0.0, 'neu': 0.899, 'pos': 0.101, 'compound': 0.4215}	neutral
Iberletsch	Du tauschst dich mit einem*r Bekannten über ein politisches Thema aus. Zwischendurch würdest du ihm*ihr gerne auf die Schulter klopfen, wenn ihr euch einig seid.	{'neg': 0.0, 'neu': 0.808, 'pos': 0.192, 'compound': 0.6124}	emotional
Troff	Du schaust heute lieber Netflix als zu lernen. Dir ist klar, dass du dann entweder morgen eine Nachtschicht machen musst oder nicht den ganzen Stoff schaffst. 	{'neg': 0.0, 'neu': 1.0, 'pos': 0.0, 'compound': 0.0}	neutral
Odef	Du hast vor einem halben Jahr beschlossen, 5 kg abzunehmen. Du bist einem Ernährungplan gefolgt und hast heute zum Stichtag ziemlich genau 5 kg abgenommen.	{'neg': 0.208, 'neu': 0.792, 'pos': 0.0, 'compound': -0.6124}	emotional
Faube	Du sitzt im Wartezimmer beim Arzt und hattest vor 30 Minuten einen Termin. Du versuchst Blickkontakt mit dem*der Rezeptionisten*in aufzunehmen, damit er*sie dich fragt, ob du schon dran warst.	{'neg': 0.0, 'neu': 1.0, 'pos': 0.0, 'compound': 0.0}	neutral
Wunicher	Du bist im Supermarkt und siehst, dass die langsamste Kassiererin an Kasse 2 sitzt. Du stellst dich bei einer anderen Kasse an, weil es dort schneller geht.	{'neg': 0.0, 'neu': 1.0, 'pos': 0.0, 'compound': 0.0}	neutral
Bisknirgo	Du sitzt an deinem Küchentisch und schaust aus dem Fenster. Die Bauarbeiter*innen draußen haben Pause und es ist ruhig.	{'neg': 0.0, 'neu': 1.0, 'pos': 0.0, 'compound': 0.0}	neutral
Ferandsor	Dein Bruder hat dich gefragt, ob du mit ihm ein Spiel spielen möchtest. Du warst den ganzen Tag unterwegs und lehnst ab, um deine Ruhe zu haben.	{'neg': 0.088, 'neu': 0.677, 'pos': 0.235, 'compound': 0.5719}	emotional
Vul	Du musst dich zwischen zwei Jobangeboten entscheiden. Du merkst auf deiner Pro/Contra-Liste, dass von einem Unternehmen noch wichtige Informationen fehlen, um eine Entscheidung zu treffen.	{'neg': 0.079, 'neu': 0.857, 'pos': 0.064, 'compound': -0.1027}	neutral
Neif	Auf der Arbeit soll Zeit gespart werden, indem ein häufig auftretendes Computerproblem erklärt wird. Du nutzt deine Erfahrung und erstellst eine ausführliche, kleinschrittige Anleitung für alle Mitarbeiter*innen.	{'neg': 0.1, 'neu': 0.704, 'pos': 0.196, 'compound': 0.3818}	neutral
Zimerhubst	Du bist gestern Abend länger wach geblieben als sonst, weil du noch telefoniert hast. Du bist irgendwie träge und kaufst dir auf dem Weg zur Arbeit einen Energydrink.	{'neg': 0.09, 'neu': 0.846, 'pos': 0.063, 'compound': -0.2247}	neutral
Zwelde	Du wachst morgens auf und weißt kurz nicht, wo du bist. Du hast geträumt, du wärst bei deinen Eltern, bist aber in deiner eigenen Wohnung.	{'neg': 0.0, 'neu': 1.0, 'pos': 0.0, 'compound': 0.0}	neutral
Herklögen	Du besuchst eine*n Freund*in. Ihr trinkt gemeinsam Kaffee und geht eine Runde spazieren. Ihr unterhaltet euch über dies und das.	{'neg': 0.0, 'neu': 0.842, 'pos': 0.158, 'compound': 0.4939}	neutral
Preier	Deine Arbeitskollegen*innen fragen dich, ob du mit ihnen beim Imbiss um die Ecke zu Mittag essen möchtest. Du lehnst ab, weil du dir etwas zu Essen von zu Hause mitgebracht hast.	{'neg': 0.0, 'neu': 0.921, 'pos': 0.079, 'compound': 0.3612}	neutral
Muschürdur	Nach einem Telefonat bemerkst du ein Grummeln in deinem Bauch. Du hast eigentlich nichts Falsches gegessen. Du versuchst dich abzulenken und machst dir einen Tee.	{'neg': 0.187, 'neu': 0.813, 'pos': 0.0, 'compound': -0.6486}	emotional
Ismiprämpf	Du hast vor einer halben Stunde online Essen bestellt. Deine Klingel ist kaputt, deswegen prüfst du regelmäßig in der App deines Handys, wo die Lieferung gerade ist, um rechtzeitig nach draußen zu gehen.	{'neg': 0.088, 'neu': 0.912, 'pos': 0.0, 'compound': -0.4767}	neutral
Glühm	Du sitzt am Küchentisch und isst etwas, als es klingelt. Du erwartest niemanden, vermutlich waren es die Nachbarskinder. Du bleibst ruhig sitzen und wartest, ob es nochmal klingelt.	{'neg': 0.0, 'neu': 1.0, 'pos': 0.0, 'compound': 0.0}	neutral
Rugliebast	Du gehst zum Bäcker. Während du in der Schlange stehst, überlegst du schon mal, was du haben möchtest und rechnest den Preis aus, damit es gleich schnell geht. 	{'neg': 0.0, 'neu': 0.951, 'pos': 0.049, 'compound': 0.0772}	neutral
Wumeizauch	Du sitzt an deinem Arbeitsplatz und überlegst, wie du vorgehen sollst. Dein*e Kollege*in kommt vorbei und sagt dir, was er*sie tun würde, weil er*sie das selbe Problem schon mal hatte.	{'neg': 0.088, 'neu': 0.912, 'pos': 0.0, 'compound': -0.4019}	neutral
Häugnung	Du bist auf einer Feier und siehst, wie ein*e Bekannte*r neue Leute kennenlernt. Du beschließt, dich auch etwas mehr unter die Leute zu mischen, um neue Bekanntschaften zu machen.	{'neg': 0.0, 'neu': 0.899, 'pos': 0.101, 'compound': 0.4019}	neutral
Wupforau	Du lernst auf der Arbeit deine*n neue*n Kollegen*in kennen. Eure Büros sind nebeneinander und du gehst davon aus, dass ihr euch in Zukunft öfter auf dem Flur begegnen werdet.	{'neg': 0.0, 'neu': 1.0, 'pos': 0.0, 'compound': 0.0}	neutral
Bismirbiel	Du bekommst eine Benachrichtigung, dass dein E-Mail-Postfach zu 80% voll ist. Du beginnst umgehend, Mails zu löschen und auszusortieren, bis das Postfach nur noch zu 15% gefüllt ist.	{'neg': 0.0, 'neu': 1.0, 'pos': 0.0, 'compound': 0.0}	neutral
Enkmitas	Du schreibst gerade deinen Einkaufszettel. Du weißt, dass du noch ein bestimmtes Gemüse für deinen Auflauf brauchst, aber dir ist der Name entfallen.	{'neg': 0.0, 'neu': 1.0, 'pos': 0.0, 'compound': 0.0}	neutral
Mege	Du gehst mit deinem*r Partner*in einkaufen. Ihr habt eine lange Einkaufsliste und teilt sie auf. An der Kasse siehst du, dass alles, was ihr brauchst, im Einkaufswagen ist. 	{'neg': 0.0, 'neu': 1.0, 'pos': 0.0, 'compound': 0.0}	neutral
Weforshank	Du siehst im Park in der Nähe eine Familie mit zwei Kindern. Die Kinder laufen um die Eltern herum, halten aber immer wieder die Hand eines Elternteils.	{'neg': 0.0, 'neu': 0.837, 'pos': 0.163, 'compound': 0.6486}	emotional
Plüpp	Du hältst eine Präsentation auf Englisch. Du musst dich viel mehr konzentrieren, was du sagst, als wenn du Präsentationen auf Deutsch hältst.	{'neg': 0.0, 'neu': 0.902, 'pos': 0.098, 'compound': 0.34}	neutral
Skibt	Du bemerkst, dass die Person, die neben dir auf der Party sitzt, leicht angetrunken ist. Dir fällt bei diesem Anblick auf, dass du auch angeheitert bist.	{'neg': 0.076, 'neu': 0.827, 'pos': 0.097, 'compound': 0.1513}	neutral
Namistell	Du spazierst durch die Nachbarschaft und entdeckst einen kleinen Supermarkt. Er ist direkt bei dir um die Ecke. 	{'neg': 0.0, 'neu': 1.0, 'pos': 0.0, 'compound': 0.0}	neutral
Struk	Du stehst mit gepacktem Rucksack am Bahnhof. Dein Zug kommt erst in 45min, aber du wolltest etwas Puffer haben, um in Ruhe einen Kaffee zu trinken.	{'neg': 0.0, 'neu': 0.84, 'pos': 0.16, 'compound': 0.6956}	emotional
Mölauzegt	Du hast dich für einen Abend mit Freunden schick gemacht. Du überlegst, ob es angemessen ist oder du dich nochmal umziehen sollst.	{'neg': 0.0, 'neu': 0.871, 'pos': 0.129, 'compound': 0.4767}	neutral
Bingsemöl	Du hast gesehen, dass ein*e Freund*in seine*ihre Schnürsenkel anders bindet als du. Du versuchst es mal auf seine*ihre Art und übst es ein paar Mal, damit die Schnürung fest genug ist.	{'neg': 0.0, 'neu': 0.894, 'pos': 0.106, 'compound': 0.4939}	neutral
Iberletsch	Du wolltest einem*r Freund*in ein High Five geben. Er*sie hat das nicht gesehen und du überlegst, nach seiner*ihrer Hand zu greifen, um abzuschlagen.	{'neg': 0.0, 'neu': 0.687, 'pos': 0.313, 'compound': 0.802}	emotional
Troff	Du entscheidest dich dafür, mit dem Auto statt dem Fahrrad zur Arbeit zu fahren. Das heißt natürlich, dass du heute Abend kein Feierabendbier mit den Kollegen*innen trinken kannst.	{'neg': 0.0, 'neu': 1.0, 'pos': 0.0, 'compound': 0.0}	neutral
Odef	Du hast dir eine neue elektrische Zahnbürste gelauft, um Plaque zu reduzieren. Beim Vorsorgetermin heute sagt dir dein*e Zahnarzt*ärztin, dass du weniger Plaque hast.	{'neg': 0.0, 'neu': 1.0, 'pos': 0.0, 'compound': 0.0}	neutral
Faube	Du gehst auf der Einkaufsstraße an einem Infostand einer politischen Partei vorbei. Du schaust auf den Boden, damit sich aus einem zufälligen Blickkontakt kein Gespräch entwickeln kann.	{'neg': 0.0, 'neu': 0.822, 'pos': 0.178, 'compound': 0.5829}	emotional
Wunicher	Du hörst, dass deine Nachbarn im Hausflur sind. Du wartest, bis sie weg sind, um rauszugehen. Du hast heute keine Zeit für eine Unterhaltung.	{'neg': 0.0, 'neu': 1.0, 'pos': 0.0, 'compound': 0.0}	neutral
Bisknirgo	Du sitzt draußen auf einer Parkbank und schließt die Augen. Du hast heute keine Termine mehr und bleibst eine Weile sitzen. 	{'neg': 0.0, 'neu': 1.0, 'pos': 0.0, 'compound': 0.0}	neutral
Ferandsor	Ein*e Freund*in schreibt dir eine Nachricht, ob du mit essen gehen möchtest. Du antwortest nicht, weil du den Abend auf der Couch verbringen möchtest.	{'neg': 0.0, 'neu': 0.774, 'pos': 0.226, 'compound': 0.7184}	emotional
Vul	Du musst ein Wichtelgeschenk für eine*n Arbeitskollegen*in besorgen. Du kennst ihn*sie nicht so gut und überlegst, ob du eine*n anderen Kollegen*in nach seinen Vorlieben fragen sollst.	{'neg': 0.0, 'neu': 0.833, 'pos': 0.167, 'compound': 0.6124}	emotional
Neif	Du hast dir gedacht, dass es praktisch wäre, Stauraum unter dem Bett zu haben. Du nutzt Holz aus dem Keller und dein Werkzeug, um selbst ein Schubladenelement zu bauen.	{'neg': 0.0, 'neu': 1.0, 'pos': 0.0, 'compound': 0.0}	neutral
Zimerhubst	Du warst gestern Nacht auf einer Party und erst spät zu Hause. Heute bist du langsamer als üblich und brauchst für alles etwas länger.	{'neg': 0.0, 'neu': 0.899, 'pos': 0.101, 'compound': 0.4019}	neutral
Zwelde	Du wachst morgens auf, nachdem du geträumt hast, dass alle Leute Flugzeuge statt Autos besitzen. Du kannst dich gut an deinen Traum erinnern.	{'neg': 0.0, 'neu': 0.823, 'pos': 0.177, 'compound': 0.4767}	neutral
Herklögen	Du bist auf der Arbeit und machst dir einen Kaffee. Dein*e Kollege*in kommt in die Küche und macht sich auch einen Kaffee. Ihr unterhaltet euch kurz während eurer Pause.	{'neg': 0.0, 'neu': 1.0, 'pos': 0.0, 'compound': 0.0}	neutral
Preier	Nach einem Besuch bei einer*m Bekannten wird dir angeboten, dass man dich nach Hause fahren könnte. Es wäre ein Umweg für sie*ihn, weshalb du das Angebot ablehnst.	{'neg': 0.0, 'neu': 1.0, 'pos': 0.0, 'compound': 0.0}	neutral
Muschürdur	Als du von deiner Couch aufstehen möchtest, bemerkst du, dass deine Beine schwer sind. Du fragst dich, woher der Muskelkater kommt, weil du lange keinen Sport gemacht hast.	{'neg': 0.072, 'neu': 0.891, 'pos': 0.037, 'compound': -0.296}	neutral
Ismiprämpf	Du triffst dich mit einer*m Kommilitonen*in zum Lernen. Er*sie war noch nie bei dir. Deshalb stehst du am Fenster und wartest, damit du ihm*ihr den Eingang im Hinterhof zeigen kannst.	{'neg': 0.0, 'neu': 1.0, 'pos': 0.0, 'compound': 0.0}	neutral
Glühm	Du hast gerade den Boden im Flur gewischt, als es klingelt. Du erwartest keinen Besuch und willst nicht über den nassen Boden gehen. Du bleibst sitzen, weil es vermutlich nicht so wichtig ist.	{'neg': 0.079, 'neu': 0.921, 'pos': 0.0, 'compound': -0.2057}	neutral
Rugliebast	Du rufst bei der Hotline deines Internetanbieters an, weil du eine Frage zu deinem Vertrag hast. Du suchst die Unterlagen und deine Kundennummer heraus, um alles parat zu haben.	{'neg': 0.0, 'neu': 0.863, 'pos': 0.137, 'compound': 0.4215}	neutral
Wumeizauch	Du erzählst deiner Mutter am Telefon auf der Bahnfahrt, dass du gerne einen Yogakurs machen möchtest. Als du auflegst, empfiehlt dir die Person neben dir ein Studio in der Stadt.	{'neg': 0.0, 'neu': 0.872, 'pos': 0.128, 'compound': 0.5267}	neutral
Häugnung	Du bist zum Flughafen gefahren, um deine Schwester abzuholen. Im Ankunftsbereich beobachtest du, dass jemand mit einem Kofferwagen gewartet hat. Du holst auch einen für deine Schwester.	{'neg': 0.0, 'neu': 1.0, 'pos': 0.0, 'compound': 0.0}	neutral
Wupforau	Du lernst die Begleitung eines*r Freundes*in kennen. Die beiden scheinen sich sehr gut zu verstehen. Du glaubst, dass du die beiden in Zukunft noch häufiger zusammen sehen wirst. 	{'neg': 0.0, 'neu': 0.823, 'pos': 0.177, 'compound': 0.6801}	emotional
Bismirbiel	Dein Drucker meldet, dass die schwarzen Druckerpatronen fast leer sind. Du bestellst direkt drei neue. Damit kannst du dir sicher sein, dass du in Zukunft immer ausreichend Patronen da hast.	{'neg': 0.042, 'neu': 0.84, 'pos': 0.118, 'compound': 0.4005}	neutral
Enkmitas	Du möchtest im Supermarkt eine*n Verkäufer*in nach einer bestimmten Backzutat fragen. Du kommst für einen Moment nicht auf den Namen des Produkts, obwohl du ihn eigentlich kennst.	{'neg': 0.0, 'neu': 0.956, 'pos': 0.044, 'compound': 0.0772}	neutral
Mege	Dein kleiner Bruder macht seine Hausaufgaben. Du sollst sie kontrollieren. Du siehst, dass er alle Aufgaben für die Fächer morgen in der Schule erledigt hat. 	{'neg': 0.0, 'neu': 1.0, 'pos': 0.0, 'compound': 0.0}	neutral
Weforshank	Du bist in einem Restaurant. Am Nebentisch füttert eine Person ein Kleinkind auf einem Hochstuhl und streicht ihm immer wieder über den Kopf. 	{'neg': 0.0, 'neu': 1.0, 'pos': 0.0, 'compound': 0.0}	neutral
Plüpp	Du machst einen Sprachkurs. Du liest deine Hausaufgaben vor. Obwohl es nur ein kurzer Text ist, ist es relativ anstrengend, weil du auf die korrekte Aussprache achten musst.	{'neg': 0.126, 'neu': 0.874, 'pos': 0.0, 'compound': -0.4404}	neutral
Skibt	Du sitzt am Küchentisch mit deinem*r Mitbewohner*in. Er*sie gähnt und du merkst, wie du selbst auch gähnen musst.	{'neg': 0.0, 'neu': 1.0, 'pos': 0.0, 'compound': 0.0}	neutral
Namistell	Beim Einräumen deines Wocheneinkaufs entdeckst du im Kühlschrank noch einen Becher Joghurt. Dir war gar nicht bewusst, dass du ihn noch hattest.	{'neg': 0.0, 'neu': 1.0, 'pos': 0.0, 'compound': 0.0}	neutral
Struk	Du gehst nochmal deine Packliste für den Urlaub durch und kontrollierst deinen Koffer. Du scheinst an alles gedacht zu haben. In wenigen Stunden geht es los.	{'neg': 0.0, 'neu': 0.903, 'pos': 0.097, 'compound': 0.4019}	neutral
Mölauzegt	Du zeichnest mit Hilfe einer App deine Geschwindigkeit auf, wenn du laufen gehst. Zusätzlich nimmst du dir nach jedem Lauf die Zeit, zu bewerten, wie gut es dir dabei ging.	{'neg': 0.0, 'neu': 0.849, 'pos': 0.151, 'compound': 0.5859}	emotional
Bingsemöl	Du bist an einem kleinen See und versuchst, Steinchen über das Wasser flitschen zu lassen. Du hast eine ganze Handvoll flacher Steine gesammelt, um es zu üben.	{'neg': 0.0, 'neu': 1.0, 'pos': 0.0, 'compound': 0.0}	neutral
Iberletsch	Bei einem Grillabend siehst du deine Nichte wieder. Du würdest ihr gerne über den Kopf streicheln, aber du weißt, dass sie das nicht mag.	{'neg': 0.105, 'neu': 0.792, 'pos': 0.103, 'compound': -0.0168}	neutral
Troff	Du entscheidest dich für eine Spezialisierung im Master. Dir ist bewusst, dass du damit für die Zukunft bestimmte Berufszweige ausschließt.	{'neg': 0.0, 'neu': 0.9, 'pos': 0.1, 'compound': 0.2732}	neutral
Odef	Du hast dir vorgenommen in 8 Wochen 5km am Stück laufen zu können. Du hast dich an den Plan gehalten und schaffst jetzt die 5km.	{'neg': 0.067, 'neu': 0.933, 'pos': 0.0, 'compound': -0.25}	neutral
Faube	Du bist zum Abendessen in einem Restaurant. Du möchtest noch eine Flasche Wasser bestellen. Du schaust hoch, um Blickkontakt mit dem*der Kellner*in herzustellen, damit er*sie zu deinem Tisch kommt.	{'neg': 0.0, 'neu': 0.957, 'pos': 0.043, 'compound': 0.0772}	neutral
Wunicher	Du fährst bewusst früh am Morgen ins Büro. Wenn du als Erste*r da bist, kannst du dir einen Kaffee machen und mit der Arbeit beginnen, solange es noch ruhig ist. 	{'neg': 0.0, 'neu': 1.0, 'pos': 0.0, 'compound': 0.0}	neutral
Bisknirgo	Du liegst in deinem Bett und bist eben von alleine wach geworden. Weil heute Sonntag ist, bleibst du noch eine Weile ruhig liegen.	{'neg': 0.145, 'neu': 0.855, 'pos': 0.0, 'compound': -0.5267}	neutral
Ferandsor	Du suchst dir im Umkleideraum im Fitnessstudio eine ruhige Ecke, weil du dich nicht an den Gesprächen beteiligen willst.	{'neg': 0.163, 'neu': 0.837, 'pos': 0.0, 'compound': -0.2755}	neutral
Vul	Du möchtest deinen Internetvertrag ändern. Es gibt online ein Formular, um das zu beantragen. Du hast deine Kundennummer nicht im Kopf, brauchst sie aber für das Formular.	{'neg': 0.0, 'neu': 0.927, 'pos': 0.073, 'compound': 0.0772}	neutral
Neif	Deine Geschwister und du wollt ein Unternehmen gründen. Ihr teilt euch die Arbeit untereinander auf und jeder trägt seinen Teil dazu bei.	{'neg': 0.0, 'neu': 0.829, 'pos': 0.171, 'compound': 0.3612}	neutral
Zimerhubst	Du hast gestern Abend deine alten Kleidungsstücke aussortiert und dabei die Zeit vergessen. Beim Aufwachen merkst du, dass dein Kreislauf nicht recht in Schwung kommt.	{'neg': 0.081, 'neu': 0.919, 'pos': 0.0, 'compound': -0.3182}	neutral
Zwelde	Du hast die vergangene Nacht von der Serie geträumt, die du momentan immer abends schaust. Die Hauptcharaktere kamen auch in deinem Traum vor.	{'neg': 0.0, 'neu': 0.913, 'pos': 0.087, 'compound': 0.25}	neutral
Herklögen	Du setzt dich am Wochenende in ein Café. Zufällig triffst du dort eine*n alte*n Bekannte*n. Ihr unterhaltet euch ein wenig, weil ihr euch längere Zeit nicht gesehen habt.	{'neg': 0.0, 'neu': 0.89, 'pos': 0.11, 'compound': 0.4939}	neutral
Preier	Dir wird in der Straßenbahn ein Sitzplatz angeboten, weil du schwere Einkaufstüten trägst. Du möchtest nicht, dass jemand für dich aufsteht und lehnst deshalb ab. Du bleibst die Fahrt über stehen.	{'neg': 0.117, 'neu': 0.883, 'pos': 0.0, 'compound': -0.402}	neutral
Muschürdur	Auf dem Heimweg von der Arbeit wird dir kurz schwindelig. Du hast eigentlich genug getrunken und auch ausreichend gegessen und wunderst dich deshalb, woher der Schwindel kommt.	{'neg': 0.138, 'neu': 0.862, 'pos': 0.0, 'compound': -0.4601}	neutral
Ismiprämpf	Dein Vater wollte dir einen Ordner mit Unterlagen vorbeibringen. Er will ihn dir nur kurz anreichen, deshalb sitzt du vor deinem Haus und schaust wiederholt die Straße runter.	{'neg': 0.0, 'neu': 0.906, 'pos': 0.094, 'compound': 0.4939}	neutral
Glühm	Du schaust gerade einen Film, als es klingelt. Du bist dir unsicher, ob es im Film oder an deiner Tür geklingelt hat. Du schaust den Film weiter und hörst genau hin, ob es nochmal klingelt.	{'neg': 0.053, 'neu': 0.907, 'pos': 0.04, 'compound': -0.128}	neutral
Rugliebast	Du möchtest bei deinem Zahnarzt anrufen, um den nächsten Vorsorgetermin zu vereinbaren. Du schaust schon vorher in deinen Kalender, um zu überlegen, welche Termine dir passen könnten.	{'neg': 0.0, 'neu': 0.951, 'pos': 0.049, 'compound': 0.0772}	neutral
Wumeizauch	Du bist in der Innenstadt, um dir ein paar neue Kleidungsstücke zu kaufen. In einem Geschäft erklärt dir ein*e Verkäufer*in, dass es gerade ein besonderes Angebot gibt.	{'neg': 0.0, 'neu': 0.886, 'pos': 0.114, 'compound': 0.4019}	neutral
Häugnung	Du siehst, wie dein*e Kollege*in mit deinem*r Chef*in spricht. Du kannst nicht verstehen, was sie sagen und überlegst eine Weile, was der Inhalt des Gesprächs sein könnte.	{'neg': 0.0, 'neu': 1.0, 'pos': 0.0, 'compound': 0.0}	neutral
Wupforau	Du gehst mit deinem Hund Gassi und kommst mit einem*r anderen Hundebesitzer*in ins Gespräch. Es ist sehr wahrscheinlich, dass ihr euch in Zukunft häufiger beim Spaziergang über den Weg laufen werdet. 	{'neg': 0.053, 'neu': 0.947, 'pos': 0.0, 'compound': -0.128}	neutral
Bismirbiel	Dein Hund fiept kurz in deiner Nähe. Du springst auf und holst die Leine, um mit ihm rauszugehen, weil er gestern etwas Falsches gefressen hat.	{'neg': 0.124, 'neu': 0.876, 'pos': 0.0, 'compound': -0.4767}	neutral
Enkmitas	Du spielst gerade Stadt, Land, Fluss und weißt genau, dass du einen Fluss mit dem Anfangsbuchstaben H kennst. Dir fällt der Name nicht sofort ein und du gehst verschiedene Buchstabenkombinationen durch. 	{'neg': 0.0, 'neu': 0.948, 'pos': 0.052, 'compound': 0.2023}	neutral
Mege	Auf dem Küchentisch liegt die To-Do-Liste deines*r Mitbewohners*in. Er*sie schreibt morgen eine Klausur und hat sein*ihr Lernpensum geschafft. Alle Punkte, die auf der Liste stehen, sind abgehakt. 	{'neg': 0.094, 'neu': 0.906, 'pos': 0.0, 'compound': -0.4215}	neutral
Weforshank	Auf einer Familienfeier sitzt dein Neffe die ganze Zeit auf dem Schoß seiner Eltern. Von dort aus beobachtet das Kind das Geschehen.	{'neg': 0.0, 'neu': 0.881, 'pos': 0.119, 'compound': 0.4019}	neutral
Plüpp	Du hast eine*n Freund*in, die kein Deutsch spricht. Anstatt die ganze Zeit auf Englisch zu reden, nutzt ihr viel Gestik, was euch leichter fällt.	{'neg': 0.0, 'neu': 0.793, 'pos': 0.207, 'compound': 0.7184}	emotional
Skibt	Dein*e Arbeitskollege*in erzählt dir, dass er*sie dringend eine Kaffeepause braucht. Du hast plötzlich auch Lust auf einen Kaffee.	{'neg': 0.0, 'neu': 0.878, 'pos': 0.122, 'compound': 0.3612}	neutral
Namistell	Du bist auf dem Weg zu Arbeit. Auf dem Asphalt entdeckst du ein 50-Cent-Stück. Du steckst es ein und läufst weiter. 	{'neg': 0.0, 'neu': 1.0, 'pos': 0.0, 'compound': 0.0}	neutral
Struk	Du hast das Auto gepackt und bist bereit, deinen Roadtrip zu starten. Du bist früh dran und wartest auf deine*n Freund*in, der*die in einer Stunde da sein sollte.	{'neg': 0.0, 'neu': 0.808, 'pos': 0.192, 'compound': 0.6908}	emotional
Mölauzegt	Jeden Sonntag schreibst du Tagebuch und horchst in dich hinein, wie es dir in der Woche ging und ob du mit dir zufrieden bist.	{'neg': 0.0, 'neu': 0.887, 'pos': 0.113, 'compound': 0.4215}	neutral
Bingsemöl	Ein*e Kollege*in hat dir den Umgang mit einem neuen Computerprogramm gezeigt. Jetzt wiederholst du die Schritte einmal, damit du morgen noch weißt, wie es geht.	{'neg': 0.0, 'neu': 1.0, 'pos': 0.0, 'compound': 0.0}	neutral
Iberletsch	Du gehst eine Rolltreppe hoch. Vor dir steht eine Person, die du gerne zur Seite schieben würdest, um vorbeizukommen.	{'neg': 0.0, 'neu': 0.894, 'pos': 0.106, 'compound': 0.3612}	neutral
Troff	Du trinkst nachmittags noch einen Kaffee, um wach zu bleiben. Du nimmst in Kauf, dass du dann heute Abend nicht einschlafen kannst.	{'neg': 0.0, 'neu': 0.885, 'pos': 0.115, 'compound': 0.3818}	neutral
Odef	Du hast dir vor zwei Jahren einen Sparplan erstellt. Heute ziehst Du Bilanz und siehst, dass du genau die anvisierte Summe zurückgelegt hast.	{'neg': 0.0, 'neu': 0.909, 'pos': 0.091, 'compound': 0.25}	neutral
Faube	Als du aus einem Fahrstuhl aussteigen möchtest, möchte eine andere Person ebenso aussteigen. Ihr steht euch gegenseitig im Weg. Du nimmst Blickkontakt auf, damit die Person dir sagen kann, dass sie dir den Vortritt lässt.	{'neg': 0.0, 'neu': 0.914, 'pos': 0.086, 'compound': 0.34}	neutral
Wunicher	Du steigst in die Bahn ein. Es ist noch ein Sitzplatz frei neben jemandem, der laut mit Kopfhörern Musik hört. Du bleibst lieber stehen, um deine Ruhe zu haben.	{'neg': 0.0, 'neu': 0.892, 'pos': 0.108, 'compound': 0.5423}	emotional
Bisknirgo	Du sitzt nach Feierabend in deinem Auto vor deinem Haus. Du bleibst eine Weile so sitzen und tust nichts. Es ist still.	{'neg': 0.0, 'neu': 0.902, 'pos': 0.098, 'compound': 0.3612}	neutral
Ferandsor	Du kommst nach Hause und gehst direkt in dein Zimmer. Du möchtest in Ruhe etwas lesen und nicht mit deiner Familie reden.	{'neg': 0.0, 'neu': 0.739, 'pos': 0.261, 'compound': 0.6908}	emotional
