Vul	Du grübelst, ob du deine letzte Klausur bestanden hast und dein Studium in Regelstudienzeit beenden kannst. Du bist zum Zerreißen gespannt und nervös.	You ponder whether you passed your last exam and can finish your studies within the standard period of study. You are tense and nervous to the breaking point.	{'neg': 0.148, 'neu': 0.852, 'pos': 0.0, 'compound': -0.5423}	emotional
Neif	Du entwickelst mit Begeisterung eine App für ein Kinderkrankenhaus. Es ist dir sehr wichtig, da du den Wert von Freundschaft und Trost in schweren Zeiten kennst. Du arbeitest jeden Tag eifrig daran.	You are enthusiastic about developing an app for a children's hospital. It is very important to you as you know the value of friendship and comfort in difficult times. You work hard at it every day.	{'neg': 0.087, 'neu': 0.622, 'pos': 0.291, 'compound': 0.8479}	emotional
Zimerhubst	Du hast die letzte Nacht schlecht geschlafen, weil du besorgt warst, auf der Arbeit heute zu versagen. Jetzt fühlst du dich kraftlos und es scheint völlig aussichtslos, die Deadline einhalten zu können.	You slept poorly last night because you were worried about failing at work today. Now you feel powerless and it seems completely hopeless to be able to meet the deadline.	{'neg': 0.316, 'neu': 0.684, 'pos': 0.0, 'compound': -0.8999}	emotional
Zwelde	Du wachst als Kind zufrieden aus einem wunderschönen Traum auf. Es ist kurz vor Weihnachten und du hast von tollen Geschenken geträumt.	As a child, you wake up satisfied from a beautiful dream. It's almost Christmas and you've been dreaming of great presents.	{'neg': 0.0, 'neu': 0.54, 'pos': 0.46, 'compound': 0.9153}	emotional
Herklögen	Du triffst dich mit deinem*r besten Freund*in. Seine*ihre bloße Anwesenheit beruhigt dich und du fühlst, wie der Alltagsstress von dir abfällt und du dich entspannst.	You meet up with your best friend. His*her mere presence calms you down and you feel everyday stress melt away and you relax.	{'neg': 0.084, 'neu': 0.539, 'pos': 0.377, 'compound': 0.8689}	emotional
Preier	Du wurdest nachträglich als letzte Person deines Freundeskreises zu einer Party eingeladen. Du fühlst dich abgewertet und beleidigt. Du wirst trotzig und lügst, dass du schon verarbredet bist.	You were subsequently invited to a party as the last person in your circle of friends. You feel devalued and insulted. You get defiant and lie that you already have a date.	{'neg': 0.141, 'neu': 0.703, 'pos': 0.157, 'compound': 0.1531}	neutral
Muschürdur	Du empfindest beim Aufwachen eine tiefe Traurigkeit in dir, ohne einen bestimmten Grund. Sie belastet dich den ganzen Tag und du fühlst dich wie erschlagen.	You wake up feeling a deep sadness inside you, for no particular reason. It weighs you down all day and you feel overwhelmed.	{'neg': 0.198, 'neu': 0.698, 'pos': 0.105, 'compound': -0.5267}	emotional
Ismiprämpf	Du holst deine geliebte Schwester am Flughafen ab. Du hoffst bei allen Mitreisenden, die durch die Tür treten, dass sie es endlich ist. Du hast sie sehr vermisst und freust dich auf das Wiedersehen.	You pick up your beloved sister at the airport. You hope to all fellow travelers who step through the door that finally it is. You missed her very much and look forward to seeing you again.	{'neg': 0.053, 'neu': 0.797, 'pos': 0.15, 'compound': 0.6124}	emotional
Glühm	Es klingelt und du schaust durch den Türspion. Es ist deine unangenehme Nachbarin. Du bist ganz leise und hoffst besorgt, dass sie dich nicht gehört hat. 	The doorbell rings and you look through the peephole. It's your awkward neighbor. You're very quiet, worried that she didn't hear you.	{'neg': 0.169, 'neu': 0.831, 'pos': 0.0, 'compound': -0.4728}	neutral
Rugliebast	Du bist furchtbar aufgeregt vor einem Vorstellungsgespräch. Du läufst nervös durch die Wohnung und gehst die Antworten auf mögliche gemeine Fragen immer wieder in deinem Kopf durch.	You're terribly excited before a job interview. You pace around the apartment nervously, replaying the answers to potentially nasty questions over and over in your head.	{'neg': 0.273, 'neu': 0.652, 'pos': 0.075, 'compound': -0.7506}	emotional
Wumeizauch	Du erzählst einem*r Freund*in am Telefon, dass du dich einsam fühlst. Sein*ihr*e Partner*in mischt sich dreist ein und sagt, dass du deine Ansprüche senken sollst, um einen Partner zu finden. Du fühlst dich angegriffen.	You tell a friend on the phone that you feel lonely. His/her partner brazenly interferes and says that you should lower your standards in order to find a partner. you feel attacked	{'neg': 0.209, 'neu': 0.705, 'pos': 0.087, 'compound': -0.5423}	emotional
Häugnung	Du erlebst einen Heiratsantrag am Nebentisch im Restaurant beim Abendessen mit. Das verliebte Paar wirkt sehr glücklich. Du bist ergriffen und dir wird warm ums Herz. 	You experience a marriage proposal at the next table in the restaurant at dinner. The couple in love looks very happy. You are touched and your heart is warm.	{'neg': 0.0, 'neu': 0.712, 'pos': 0.288, 'compound': 0.8777}	emotional
Wupforau	Du sitzt im Zug einer Person gegenüber, die dir die Sprache verschlägt. Er*sie ist umwerfend. Du hast das sichere Gefühl, dass das dein*e Seelenverwandte*r sein könnte. 	You're sitting across from a person on a train who leaves you speechless. He*she is stunning. You have the feeling that this could be your soul mate.	{'neg': 0.0, 'neu': 0.849, 'pos': 0.151, 'compound': 0.4767}	neutral
Bismirbiel	Dein*e Partner*in hat eine Folge eurer gemeinsamen Serie ohne dich geschaut. Dir ist fast nach heulen zumute, so sehr fühlst du dich verraten. Du bist sauer und machst ihm*ihr Vorwürfe.	Your partner watched an episode of your series together without you. You almost feel like crying, you feel betrayed so much. You are angry and blame him*her.	{'neg': 0.341, 'neu': 0.599, 'pos': 0.06, 'compound': -0.8838}	emotional
Enkmitas	In einer Diskussion fällt dir das passende Wort nicht schnell genug ein. Du ärgerst dich, denn es lässt dich dümmlich wirken und schwächt dein Argument.	In a discussion, you can't think of the right word fast enough. You get angry because it makes you look stupid and weakens your argument.	{'neg': 0.365, 'neu': 0.635, 'pos': 0.0, 'compound': -0.8885}	emotional
Mege	Du wirst auf der Arbeit von einem*r Techniker*in unterstützt, der dir bei IT-Problemen zur Seite steht. Du bist dankbar, dass er*sie immer zuverlässig und hilfsbereit ist.	You will be supported at work by a technician who will help you with IT problems. You are grateful that he*she is always reliable and helpful.	{'neg': 0.081, 'neu': 0.597, 'pos': 0.322, 'compound': 0.7964}	emotional
Weforshank	Du betrachtest dein Kind und dir ist klar, dass du keinen anderen Menschen je so lieben wirst wie dieses kleine Wunder. Du fühlst dich deinem Kind auf ewig verbunden.	You look at your child and realize that you will never love anyone else like this little miracle. You feel connected to your child forever.	{'neg': 0.107, 'neu': 0.701, 'pos': 0.191, 'compound': 0.3897}	neutral
Plüpp	Du hältst einen Vortrag auf Englisch. Du fühlst dich unwohl und bist angespannt. Du befürchtest, dumm und inkompetent zu wirken.	You are giving a lecture in English. You feel uncomfortable and tense. You fear appearing stupid and incompetent.	{'neg': 0.523, 'neu': 0.391, 'pos': 0.085, 'compound': -0.9062}	emotional
Skibt	Du bist auf einer wunderschönen Hochzeit. Du siehst das verliebte Ehepaar gemeinsam lachen. Du fühlst dich vergnügt und froh bei diesem Anblick.	You're at a beautiful wedding. You see the couple in love laughing together. You feel amused and glad at the sight.	{'neg': 0.0, 'neu': 0.467, 'pos': 0.533, 'compound': 0.9524}	emotional
Namistell	Du findest beim Frühjahrsputz deine alte Uhr unter einem Schrank. Du bist begeistert, sie so unverhofft wiederzuhaben.	You find your old watch under a cupboard during spring cleaning. You're thrilled to have her back so unexpectedly.	{'neg': 0.0, 'neu': 0.854, 'pos': 0.146, 'compound': 0.4404}	neutral
Struk	Du steigst in den Mietwagen, um deinen lang geplanten Roadtrip anzutreten. Du freust dich auf die wundervollen Erfahrungen. Dein Herz klopft wie wild.	You get into the rental car to start your long-planned road trip. You look forward to the wonderful experiences. Your heart is beating wildly.	{'neg': 0.105, 'neu': 0.767, 'pos': 0.129, 'compound': 0.1779}	neutral
Mölauzegt	Dein*e Vorgesetzte*r macht dich auf einen unnötigen Rechenfehler aufmerksam. Du hättest es besser wissen müssen und schämst dich. Du bist wütend auf dich selbst.	Your supervisor draws your attention to an unnecessary calculation error. You should have known better and you're ashamed. You are angry with yourself.	{'neg': 0.294, 'neu': 0.613, 'pos': 0.094, 'compound': -0.7351}	emotional
Bingsemöl	Du übst seit Stunden ein Stück am Klavier und es klappt einfach nicht. Du bist unzufrieden und völlig aufgelöst. Du übst frustriert weiter.	You've been practicing a piece on the piano for hours and it just doesn't work. You are unsatisfied and completely dissolved. You keep practicing, frustrated.	{'neg': 0.217, 'neu': 0.783, 'pos': 0.0, 'compound': -0.7269}	emotional
Iberletsch	Du sitzt deinem*r Partner*in bei einem Date in einem Restaurant gegenüber. Seine*Ihre Lippen sehen so sinnlich aus, dass du sie anstarrst. Du sehnst dich danach, ihn*sie zu küssen.	You are sitting across from your partner on a date in a restaurant. His*Her lips look so sensual that you stare at them. You long to kiss him*her.	{'neg': 0.0, 'neu': 0.899, 'pos': 0.101, 'compound': 0.4215}	neutral
Troff	Du hast Mut gefasst und deinen alten Job gekündigt, was dich sehr glücklich macht. Du fühlst dich selbstbestimmt und zuversichtlich.	You plucked up courage and quit your old job, which makes you very happy. You feel self-determined and confident.	{'neg': 0.0, 'neu': 0.606, 'pos': 0.394, 'compound': 0.8858}	emotional
Odef	Du merkst, wie locker deine Hose sitzt. Du hast dich gesund ernährt, dein Traumgewicht erreicht und bist zufrieden mit deiner tollen Leistung.	You notice how loose your pants are. You have eaten healthily, reached your dream weight and are satisfied with your great performance.	{'neg': 0.078, 'neu': 0.574, 'pos': 0.348, 'compound': 0.7906}	emotional
Faube	Du sitzt im Zug einer sehr attraktiven Person gegenüber. Ihr wechselt immer wieder flirtende Blicke. Du wünschst dir, dass ihr ins Gespräch kommt, aber keiner traut sich, den ersten Schritt zu machen.	You are sitting across from a very attractive person on the train. You keep exchanging flirty looks. You wish you could start a conversation, but nobody dares to take the first step.	{'neg': 0.0, 'neu': 0.837, 'pos': 0.163, 'compound': 0.5017}	emotional
Wunicher	Du hast Angst, deinem*r Ex zu begegnen, der*die in derselben Straße wohnt. Du hältst nervös nach ihm*ihr Ausschau weil du befürchtest, dass er*sie in der Nähe ist. Es wäre schmerzfhaft, ihn*sie zu sehen.	You're scared of meeting your ex who lives down the street. You nervously look out for him/her because you fear he/she is nearby. It would be painful to see him*her.	{'neg': 0.29, 'neu': 0.71, 'pos': 0.0, 'compound': -0.8625}	emotional
Bisknirgo	Du sinkst auf das Sofa, atmest tief durch und lässt die Seele baumeln. Du fühlst dich sorgenfrei und ausgeglichen. Das ist angenehm.	You sink onto the sofa, take a deep breath and let your soul dangle. You feel carefree and balanced. That's nice.	{'neg': 0.0, 'neu': 0.766, 'pos': 0.234, 'compound': 0.6705}	emotional
Ferandsor	Du bist bei ersten Dates sehr verschlossen. Dein*e Ex hat dich sehr schlecht behandelt und du hast Angst, dass dein Vertrauen wieder ausgenutzt wird.	You are very withdrawn on first dates. Your ex has treated you very badly and you are afraid that your trust will be taken advantage of again.	{'neg': 0.104, 'neu': 0.734, 'pos': 0.162, 'compound': 0.228}	neutral
Vul	Du hattest einen Streit mit deinem*r Partner*in. Du überlegst verbittert, wie ihr euren Konflikt lösen könnt. Du bist unruhig und kannst keinen klaren Gedanken fassen.	You had an argument with your partner. You bitterly ponder how to resolve your conflict. You are restless and cannot think clearly.	{'neg': 0.395, 'neu': 0.52, 'pos': 0.085, 'compound': -0.8205}	emotional
Neif	Du planst fröhlich einen Karaokeabend in einem Altenheim. Du hast gesehen, wie viel Spaß das Singen den Bewohnern bereitet und setzt voller Energie alles daran, ihnen etwas Gutes zu tun.	You happily plan a karaoke night at a nursing home. You have seen how much fun singing is for the residents and you do everything you can to do something good for them.	{'neg': 0.0, 'neu': 0.741, 'pos': 0.259, 'compound': 0.8689}	emotional
Zimerhubst	Du hast die vergangene Nacht kein Auge zugetan, weil dich die heutige Präsentation verängstigt hat. Du versuchst verzweifelt, dich zu konzentrieren. Du bist total übermüdet.	You didn't sleep a wink last night because today's presentation scared you. You are trying desperately to concentrate. You are totally exhausted.	{'neg': 0.315, 'neu': 0.685, 'pos': 0.0, 'compound': -0.807}	emotional
Zwelde	Du wachst aus einem wundervollen Traum auf, in dem du von deinem Chef gelobt und befördert worden bist. Du fühlst dich beflügelt und glücklich.	You wake up from a wonderful dream in which you were praised and promoted by your boss. You feel inspired and happy.	{'neg': 0.0, 'neu': 0.446, 'pos': 0.554, 'compound': 0.9559}	emotional
Herklögen	Du kommst von der Arbeit nach Hause und dein*e Partner*in nimmt dich liebevoll in den Arm. Du entspannst dich und fühlst dich geborgen.	You come home from work and your partner hugs you lovingly. You relax and feel safe.	{'neg': 0.0, 'neu': 0.476, 'pos': 0.524, 'compound': 0.9217}	emotional
Preier	Dein*e Arbeitskollege*in hält erfolgreich eine Präsentation, an der du mitgearbeitet hast. Du gibst vor, dich zu freuen, machst dem*r Kollegen*in aber Vorwürfe, dass er*sie deine Mitarbeit nicht würdigt.	Your colleague successfully gives a presentation that you worked on. You pretend to be happy, but blame your colleague for not appreciating your cooperation.	{'neg': 0.248, 'neu': 0.603, 'pos': 0.149, 'compound': -0.4514}	neutral
Muschürdur	Auf der Arbeit merkst du, wie dir die Tränen kommen. Du bist fassungslos, dass dich die Verzweiflung so plötzlich überkommt und fühlst dich hilflos.	At work you find yourself in tears. You are stunned that desperation overtakes you so suddenly and you feel helpless.	{'neg': 0.368, 'neu': 0.632, 'pos': 0.0, 'compound': -0.8074}	emotional
Ismiprämpf	Du hast dir ein neues Handy bestellt, das du dir schon lange gewünscht hast. Es soll heute ankommen, deswegen hältst du andauernd unruhig nach dem Lieferwagen Ausschau.	You have ordered a new mobile phone that you have wanted for a long time. It's supposed to arrive today, so you keep anxiously looking for the van.	{'neg': 0.08, 'neu': 0.92, 'pos': 0.0, 'compound': -0.2878}	neutral
Glühm	Du liest gerade ein spannendes Buch, als es an der Tür klingelt. Vermutlich ist es ein Paket für den Nachbarn. Während du befürchtest, es könnte nochmal klingeln, hältst du den Atem an.	You are reading an exciting book when the doorbell rings. It's probably a package for the neighbor. Fearing it might ring again, you hold your breath.	{'neg': 0.124, 'neu': 0.769, 'pos': 0.107, 'compound': -0.128}	neutral
Rugliebast	Du willst deinem*r Partner*in einen Heiratsantrag machen. Du spielst mit Herzklopfen den Antrag endlos in Gedanken durch, damit du dich nicht versprichst. 	You want to propose to your partner. Heart pounding, you play through the proposal endlessly in your mind so you don't make a slip.	{'neg': 0.0, 'neu': 0.85, 'pos': 0.15, 'compound': 0.4019}	neutral
Wumeizauch	Du bist genervt, weil deine Mutter dir einen Vortrag hält, wie du dein Kind abends zur Ruhe bringen sollst. Du bist empört. Du hast sie nicht nach ihrer Meinung gefragt.	You're annoyed because your mother is lecturing you on how to put your child to sleep at night. you are outraged You didn't ask her opinion.	{'neg': 0.203, 'neu': 0.797, 'pos': 0.0, 'compound': -0.7269}	emotional
Häugnung	Du schaust einen Liebesfilm auf Netflix. Wie in jeder romantischen Komödie gibt es am Ende eine Liebeserklärung mit Happy End. Du hast Freudentränen in den Augen.	You are watching a romance film on Netflix. As in every romantic comedy, there is a declaration of love with a happy ending at the end. You have tears of joy in your eyes.	{'neg': 0.041, 'neu': 0.517, 'pos': 0.442, 'compound': 0.9618}	emotional
Wupforau	Auf der Geburtstagsfeier eines Freundes siehst du eine Person unter den Gästen, die dich sofort in ihren Bann zieht. Du fühlst dich sehr zu ihm*ihr hingezogen und bist dir sicher, dass das der Mann*die Frau deines Lebens ist.	At a friend's birthday party, you see one person among the guests who immediately draws you in. You feel very attracted to him/her and you are sure that this is the man/woman of your life.	{'neg': 0.0, 'neu': 0.793, 'pos': 0.207, 'compound': 0.796}	emotional
Bismirbiel	Dein*e Mitbewohner*in hat schon wieder eine leere Milchtüte zurück in den Kühlschrank gestellt. Du kannst nicht verstehen, wie jemand so dreist sein kann und bist wütend.	Your roommate has already put another empty milk carton back in the fridge. You cannot understand how someone can be so bold and you are angry.	{'neg': 0.162, 'neu': 0.731, 'pos': 0.107, 'compound': -0.1861}	neutral
Enkmitas	In einem Gespräch mit deinem*r Chef*in fällt dir ein Fachbegriff nicht ein. Du schämst dich und es ist dir unangenehm, aber du kommst einfach nicht drauf.	In a conversation with your boss, you can't think of a technical term. You're ashamed and uncomfortable, but you just can't get it.	{'neg': 0.168, 'neu': 0.832, 'pos': 0.0, 'compound': -0.431}	neutral
Mege	Du machst im Seminar eine Gruppenarbeit mit deinen Kommilitonen. Du kennst sie gut und weißt, dass sie alle gewissenhaft arbeiten. Du verlässt dich blind auf sie und gehst beruhigt an deinen Teil der Arbeit.	In the seminar you do group work with your fellow students. You know them well and know that they all work conscientiously. You rely on her blindly and go about your part of the work with peace of mind.	{'neg': 0.0, 'neu': 0.869, 'pos': 0.131, 'compound': 0.6808}	emotional
Weforshank	Du beobachtest, wie sich ein kleines Kind im Park an seine Eltern kuschelt. Es ist eine vertrauensvolle Geste der Zuneigung.	You watch a small child snuggle up to its parents in the park. It is a trusting gesture of affection.	{'neg': 0.0, 'neu': 0.724, 'pos': 0.276, 'compound': 0.7269}	emotional
Plüpp	Du erhälst einen Anruf aus Großbritannien. Es fällt dir schwer, auf Englisch umzusteigen. Dir fehlen die Worte, dein Kopf ist wie leer gefegt. Es ist sehr unangenehm.	You receive a call from the UK. You find it difficult to switch to English. You lack the words, your head is swept empty. It's very uncomfortable.	{'neg': 0.301, 'neu': 0.699, 'pos': 0.0, 'compound': -0.8173}	emotional
Skibt	Als deine Schwester die Zusage ihrer Traumuniversität erhält, bist du fast genauso glücklich wie sie. Ihr habt beide darauf gehofft und du freust dich sehr für sie.	When your sister gets accepted to her dream university, you're almost as happy as she is. You both hoped for it and you are very happy for her.	{'neg': 0.0, 'neu': 0.629, 'pos': 0.371, 'compound': 0.9108}	emotional
Namistell	Du findest in der Tasche deiner Winterjacke einen 20€-Schein. Du freust dich und bist mit positiver Energie geladen. Heute ist dein Glückstag! 	You find a €20 bill in the pocket of your winter jacket. You are happy and charged with positive energy. Today is your lucky day!	{'neg': 0.054, 'neu': 0.571, 'pos': 0.375, 'compound': 0.8932}	emotional
Struk	Du sitzt im Flieger, um Freunde in den USA zu besuchen. Du bist ganz hibbelig vor Vorfreude und kannst nicht aufhören zu grinsen.	You're on a plane to visit friends in the US. You're all jittery with anticipation and can't stop grinning.	{'neg': 0.094, 'neu': 0.622, 'pos': 0.284, 'compound': 0.507}	emotional
Mölauzegt	Du hast dich mit deinem*r Partner*in gestritten. Du hast verletzende Dinge gesagt, die du bereust. Du könntest dich selbst ohrfeigen.	You quarreled with your partner. You said hurtful things that you regret. You could slap yourself.	{'neg': 0.298, 'neu': 0.625, 'pos': 0.077, 'compound': -0.6808}	emotional
Bingsemöl	Du gehst immer wieder deinen Vortrag durch. Du bist verärgert, weil du dich jedesmal wieder versprichst. Du bist kurz vor dem Verzweifeln, gönnst dir aber keine Pause.	You keep going over your lecture. You're upset because you keep making mistakes. You're on the verge of despair, but don't give yourself a break.	{'neg': 0.198, 'neu': 0.802, 'pos': 0.0, 'compound': -0.4939}	neutral
Iberletsch	Du hast die ganze Nacht verliebt mit derselben Person getanzt. Als ihr jetzt vor der Kneipe steht, spürst du in dir die Begierde aufkommen, ihn*sie zu küssen.	You danced all night in love with the same person. As you stand in front of the pub, you feel the desire to kiss him*her.	{'neg': 0.0, 'neu': 0.694, 'pos': 0.306, 'compound': 0.8658}	emotional
Troff	Du bist für dich eingestanden und hast deine Beziehung beendet. Du fühlst dich befreit und unabhängig und eine Last fällt von dir ab.	You stood up for yourself and ended your relationship. You feel liberated and independent and a burden is lifted from you.	{'neg': 0.132, 'neu': 0.868, 'pos': 0.0, 'compound': -0.4404}	neutral
Odef	Dir fällt auf, wie viel glücklicher du bist, nachdem du deine Beziehung beendet hast. Jetzt fühlst du dich wieder selbstbewusst und stark.	You realize how much happier you are after ending your relationship. Now you feel confident and strong again.	{'neg': 0.0, 'neu': 0.602, 'pos': 0.398, 'compound': 0.872}	emotional
Faube	Du bist in einer Kneipe mit Freunden. Immer wieder schaut eine gut aussehende Person vom Nebentisch zu dir rüber. Du hoffst, dass der ständige Blickkontakt kein Zufall ist. Ihr wirkt beide etwas verlegen.	You are in a bar with friends. Again and again a good-looking person looks over at you from the next table. You hope that the constant eye contact isn't an accident. You both look a little embarrassed.	{'neg': 0.054, 'neu': 0.736, 'pos': 0.21, 'compound': 0.7466}	emotional
Wunicher	Du bist zu einer Feier eingeladen. Du befürchtest, dass eine Person auch kommt, die immer sehr aufdringlich ist. Du suchst zwanghaft nach einer Ausrede, nicht hinzugehen. 	You're invited to a party. You fear that a person will come too, who is always very pushy. You compulsively look for an excuse not to go.	{'neg': 0.183, 'neu': 0.686, 'pos': 0.131, 'compound': -0.3804}	neutral
Bisknirgo	Du machst mit einer App eine geführte Meditation. Du bist in einem Zustand vollständiger Gelassenheit und innerer Ruhe. Es tut gut, abzuschalten.	You do a guided meditation with an app. You are in a state of complete serenity and inner peace. It's good to switch off.	{'neg': 0.0, 'neu': 0.758, 'pos': 0.242, 'compound': 0.7506}	emotional
Ferandsor	Dein*e Ex hat dich betrogen, was dich sehr verletzt hat. Du bist unsicher in deiner neuen Beziehung. Die Eifersucht kocht ständig in dir hoch.	Your ex cheated on you, which hurt you a lot. You are insecure in your new relationship. Jealousy constantly boils up in you.	{'neg': 0.396, 'neu': 0.604, 'pos': 0.0, 'compound': -0.8957}	emotional
Vul	Deine Gedanken kreisen die ganze Zeit um die Frage, ob du deinen Job wechseln sollst oder nicht. Es könnte ein großer Fehler sein, zu gehen, aber du könntest auch etwas verpassen. Es ist zum Verzweifeln.	Your thoughts revolve all the time around the question of whether you should change your job or not. It could be a big mistake to go, but you could also miss something. It is to despair.	{'neg': 0.17, 'neu': 0.83, 'pos': 0.0, 'compound': -0.6757}	emotional
Neif	Du organisierst in deiner Freizeit mit Hingabe eine große Spendengala. Du nutzt motiviert jede freie Minute, der gute Zweck liegt dir am Herzen.	In your free time you organize a big charity gala with dedication. You use every free minute with motivation, the good cause is close to your heart.	{'neg': 0.0, 'neu': 0.588, 'pos': 0.412, 'compound': 0.9287}	emotional
Zimerhubst	Die Sorgen um das Vorstellungsgespräch heute haben dich wachgehalten. Du sitzt jetzt niedergeschlagen im Wartebereich und könntest zusammenbrechen.	Worries about today's interview kept you awake. You're now sitting dejected in the waiting area and could collapse.	{'neg': 0.38, 'neu': 0.62, 'pos': 0.0, 'compound': -0.8481}	emotional
Zwelde	Die Sonne auf deinem Gesicht weckt dich sanft auf. Du hast geträumt, du würdest am Strand entspannen. Du lächelst und genießt die wohlige Wärme.	The sun on your face gently wakes you up. You dreamed that you were relaxing on the beach. You smile and enjoy the cozy warmth.	{'neg': 0.0, 'neu': 0.573, 'pos': 0.427, 'compound': 0.9313}	emotional
Herklögen	Du fährst über ein langes Wochenende nach Hause. Du genießt die Zeit mit deinen Eltern und fühlst dich behütet wie ein Kind. Du hast sie sehr lieb.	You're going home for a long weekend. You enjoy the time with your parents and feel protected like a child. you love her very much	{'neg': 0.0, 'neu': 0.597, 'pos': 0.403, 'compound': 0.9153}	emotional
Preier	Ein paar Arbeitskollegen teilen sich einen Kuchen in der Küche. Du hoffst, dass dir ein Stück angeboten wird, aber du willst nicht gierig wirken. Deswegen täuschst du vor, zufällig etwas in der Küche zu tun zu haben.	A couple of work colleagues share a cake in the kitchen. You're hoping to be offered a piece, but you don't want to seem greedy. So you pretend you happen to have something to do in the kitchen.	{'neg': 0.158, 'neu': 0.754, 'pos': 0.088, 'compound': -0.4216}	neutral
Muschürdur	Nach einem Telefonat mit einem*r Freund*in wirst du unvermittelt ganz melancholisch. Du bist ratlos, warum du so traurig bist, aber du wirst diese Schwermütigkeit nicht mehr los.	After a phone call with a friend, you suddenly become very melancholic. You're at a loss as to why you're so sad, but you can't get rid of this melancholy.	{'neg': 0.293, 'neu': 0.645, 'pos': 0.062, 'compound': -0.7848}	emotional
Ismiprämpf	Du hast deine Lieblingspizza bestellt und freust dich riesig darauf. Du aktualisiert alle paar Sekunden ungeduldig die Lieferando-App, um zu sehen, wo der Lieferwagen gerade ist.	You have ordered your favorite pizza and are really looking forward to it. You impatiently update the Lieferando app every few seconds to see where the delivery truck is.	{'neg': 0.083, 'neu': 0.826, 'pos': 0.092, 'compound': 0.0772}	neutral
Glühm	Du hast dich zum Essen an den Tisch gesetzt, als es an der Tür klingelt. Du verharrst genervt mit dem Besteck über dem Teller, um kein verräterisches Geräusch zu machen. Du hoffst, dass die Person geht.	You're seated at the table to eat when the doorbell rings. Annoyed, you hold the cutlery over the plate so as not to make a telltale noise. You hope the person leaves.	{'neg': 0.075, 'neu': 0.841, 'pos': 0.084, 'compound': 0.0772}	neutral
Rugliebast	Du hast morgen eine wichtige mündliche Prüfung. Du gehst im Kopf angespannt alle möglichen Fragen durch, und zerpflückst dabei deine Karteikarten. Du hast Angst, zu versagen.	You have an important oral exam tomorrow. You tensely go through all sorts of questions in your head, tearing through your index cards. You're afraid of failing.	{'neg': 0.176, 'neu': 0.767, 'pos': 0.058, 'compound': -0.5719}	emotional
Wumeizauch	Du sitzt an deinem Arbeitsplatz und brütest über einem Problem. Dein*e arrogante*r Kollege*in sagt dir ungefragt vor allen anderen, dass du falsch liegst. Du fühlst dich vorgeführt.	You sit at your desk and brood over a problem. Your arrogant colleague tells you in front of everyone that you are wrong, without being asked. You feel presented.	{'neg': 0.265, 'neu': 0.735, 'pos': 0.0, 'compound': -0.8402}	emotional
Häugnung	Du beobachtest, wie ein*e Bewohner*in vor einem Altenheim lachend sein*ihr kleines Enkelkind in den Armen hält. Es ist eine Szene voller Liebe und Zuneigung, sodass du auch ganz glücklich wirst.	You watch how a resident laughs and holds his/her little grandchild in his/her arms in front of a nursing home. It's a scene full of love and affection, so you'll be completely happy too.	{'neg': 0.0, 'neu': 0.646, 'pos': 0.354, 'compound': 0.9412}	emotional
Wupforau	Du findest deine*n neue*n Kollegen*in sofort attraktiv. Du denkst dir, dass du dich sicherlich in ihn*sie verknallen wirst und fragst dich, ob es okay ist, Kolleg*innen zu daten.	You immediately find your new colleague attractive. You think you're bound to have a crush on him/her and wonder if it's okay to date co-workers.	{'neg': 0.058, 'neu': 0.766, 'pos': 0.175, 'compound': 0.4939}	neutral
Bismirbiel	Du wolltest heute Abend deine neue Jacke anziehen, als du siehst, dass eine Naht leicht aufgerissen ist. Du ärgerst dich und bist genervt, obwohl du sie umtauschen kannst.	You were about to put on your new jacket tonight when you see that a seam is slightly torn. You are annoyed and annoyed, although you can exchange them.	{'neg': 0.216, 'neu': 0.784, 'pos': 0.0, 'compound': -0.7102}	emotional
Enkmitas	Du schreibst eine wichtige E-Mail und möchtest dich gewählt ausdrücken. Dir fällt ein ganz bestimmtes Wort nicht ein, das dir auf der Zunge liegt. Du bist genervt.	You are writing an important e-mail and want to express yourself in a well-chosen manner. You can't think of a specific word that's on the tip of your tongue. You are annoyed.	{'neg': 0.08, 'neu': 0.826, 'pos': 0.095, 'compound': -0.128}	neutral
Mege	Du bist deinem*r Vereinskollegen*in sehr dankbar. Ihr habt ein großes Turnier geplant und er*sie hat sich hervorragend um den Kartenvorverkauf gekümmert. Auf deine*n Kollegen*in war schon immer Verlass. 	You are very grateful to your club colleague. You have planned a big tournament and he*she did an excellent job of selling tickets in advance. You have always been able to rely on your colleagues.	{'neg': 0.0, 'neu': 0.821, 'pos': 0.179, 'compound': 0.7902}	emotional
Weforshank	Du bist zwar schon erwachsen, aber trotzdem fühlst du dich geborgen und geliebt, wenn deine Mutter dich umarmt. Es fühlt sich wie zu Hause an.	Although you are already grown up, you still feel safe and loved when your mother hugs you. It feels like home.	{'neg': 0.0, 'neu': 0.576, 'pos': 0.424, 'compound': 0.91}	emotional
Plüpp	Eine Tourist fragt dich auf Englisch nach dem Weg. Du bist überrumpelt und machst einige Fehler, was dich weiter verunsichert.	A tourist asks you for directions in English. You are caught off guard and make some mistakes, which further unsettles you.	{'neg': 0.116, 'neu': 0.884, 'pos': 0.0, 'compound': -0.3612}	neutral
Skibt	Dein*e beste*r Freund*in ist erleichtert über eine glatte 1,0 für seine*ihre Abschlussarbeit. Du hast mitgefiebert und freust dich unheimlich für sie*ihn.	Your best friend is relieved that they got a straight 1.0 for their thesis. You shared the excitement and are incredibly happy for her*him.	{'neg': 0.0, 'neu': 0.427, 'pos': 0.573, 'compound': 0.9661}	emotional
Namistell	Du entdeckst in einem alten Fotoalbum einen Brief deiner geliebten Oma. Du siehst ihre vertraute Handschrift und schwelgst in liebevollen Erinnerungen.	You discover a letter from your beloved grandmother in an old photo album. You see her familiar handwriting and revel in loving memories.	{'neg': 0.0, 'neu': 0.735, 'pos': 0.265, 'compound': 0.802}	emotional
Struk	Du fährst mit deinem*r besten Freund*in zum Bahnhof, um nach Paris zu fahren. Ihr seid total aufgedreht und macht tolle Pläne. Ihr könnt das Wochenende kaum erwarten.	You go to the train station with your best friend to go to Paris. You guys are super excited and making great plans. You can't wait for the weekend.	{'neg': 0.0, 'neu': 0.574, 'pos': 0.426, 'compound': 0.9571}	emotional
Mölauzegt	Du hast das Gericht versalzen und es schmeckt furchtbar. Du bist sauer, weil alles vergeudet ist. Ärgerlich schmeißt du alles in den Müll.	You oversalted the dish and it tastes awful. You're mad because it's all wasted. Annoyed you throw everything in the trash.	{'neg': 0.414, 'neu': 0.586, 'pos': 0.0, 'compound': -0.9001}	emotional
Bingsemöl	Du setzt dich selbst unter Druck, weil du eine Bewegung im Sport nicht hinkriegst. Du übst sie immer wieder und bleibst hartnäckig, obwohl du erschöpft bist. Du bist gereizt.	You put yourself under pressure because you can't do a movement in a sport. You practice them over and over again and persevere even though you are exhausted. you are irritated	{'neg': 0.228, 'neu': 0.772, 'pos': 0.0, 'compound': -0.7717}	emotional
Iberletsch	Du bist total in eine*n Schauspieler*in verknallt. Du denkst darüber nach, seine*ihre weichen Lippen zu spüren. Du begehrst ihn*sie sehr. 	You have a crush on an actor. You think about feeling his*her soft lips. You desire him*her very much.	{'neg': 0.077, 'neu': 0.721, 'pos': 0.202, 'compound': 0.3818}	neutral
Troff	Du hast beschlossen, mit deinem*r Partner*in zusammenzuziehen. Es ist ein aufregender Schritt und du fühlst dich entschlossen und empfindest Vorfreude für die Zukunft. 	You have decided to move in with your partner. It's an exciting step and you feel determined and excited for the future.	{'neg': 0.0, 'neu': 0.704, 'pos': 0.296, 'compound': 0.7906}	emotional
Odef	Du hast angefangen, Yoga zu machen. Du stellst fest, dass sich deine Haltung und deine Balance verbessert haben. Du freust dich über deinen Fortschritt und bist stolz!	You started doing yoga. You notice that your posture and balance have improved. You are happy about your progress and proud!	{'neg': 0.0, 'neu': 0.567, 'pos': 0.433, 'compound': 0.9184}	emotional
Faube	Du sitzt in der Biblothek und dir sitzt dein Schwarm gegenüber. Eure Blicke treffen sich und ihr werdet beide rot. Du würdest dich sehr freuen, wenn er*sie dich anspricht.	You're sitting in the library and your crush is sitting across from you. Your eyes meet and you both blush. You would be very happy if he*she spoke to you.	{'neg': 0.048, 'neu': 0.834, 'pos': 0.119, 'compound': 0.5256}	emotional
Wunicher	Du verzweifelst, weil deine arrogante Schwiegermutter beim Nachmittagskaffee sicher wieder abfällig mit dir reden wird. Du überlegst, eine Erkältung vorzutäuschen, um nicht hingehen zu müssen.	You despair because your arrogant mother-in-law is sure to talk derogatory to you again over afternoon coffee. You consider faking a cold to avoid going.	{'neg': 0.33, 'neu': 0.597, 'pos': 0.072, 'compound': -0.802}	emotional
Bisknirgo	Du hast Tagebuch geführt und alle kreisenden Gedanken aufgeschrieben, um sie loszulassen. Jetzt fühlst du dich befreit und beruhigt.	You kept a diary and wrote down all the circling thoughts in order to let them go. Now you feel liberated and calmed.	{'neg': 0.0, 'neu': 0.89, 'pos': 0.11, 'compound': 0.3818}	neutral
Ferandsor	Dein*e Vater*Mutter hat eure Familie verlassen, als du klein warst. Jetzt sucht er*sie wieder Kontakt. Du misstraust ihm*ihr und hast Angst, wieder enttäuscht zu werden.	Your father*mother left your family when you were little. Now he*she is looking for contact again. You distrust him*her and are afraid of being disappointed again.	{'neg': 0.197, 'neu': 0.803, 'pos': 0.0, 'compound': -0.7096}	emotional
Vul	Es gibt Streit in deinem Freundeskreis. Du bist unsicher, was du sagen sollst. Du willst niemanden verletzten. Du bist empfindlich und besorgt.	There is a fight in your circle of friends. You are unsure what to say. You don't want to hurt anyone. You are sensitive and concerned.	{'neg': 0.184, 'neu': 0.631, 'pos': 0.185, 'compound': 0.2626}	neutral
Neif	Du scheust keine Kosten und Mühen, um deinem Vater ein lange gewünschtes Bücherregal zu bauen. Du kaufst hochwertige Materialien und schaust motiviert Tutorials. Er hat es verdient.	You spare no expense or effort to build your father a long-desired bookshelf. You buy high-quality materials and watch motivated tutorials. He deserves it.	{'neg': 0.084, 'neu': 0.802, 'pos': 0.115, 'compound': 0.2023}	neutral
Zimerhubst	Du hast letzte Nacht nicht geschlafen, weil du dich am Abend mit deinem*r Partner*in gestritten hast. Du fühlst dich völlig kraftlos und hilflos. Du kannst vor Erschöpfung kaum die Augen offen halten.	You didn't sleep last night because you had an argument with your partner in the evening. You feel completely powerless and helpless. You can hardly keep your eyes open from exhaustion.	{'neg': 0.303, 'neu': 0.697, 'pos': 0.0, 'compound': -0.8947}	emotional
Zwelde	Du hattest in der Mittagspause einen fantastischen Tagtraum davon, wie du am Wochenende mit deinen Freunden Spaß haben wirst. Das motiviert dich für die Arbeit.	You had an amazing lunchtime daydream about how you're going to have fun with your friends over the weekend. This motivates you to work.	{'neg': 0.0, 'neu': 0.673, 'pos': 0.327, 'compound': 0.8807}	emotional
Herklögen	Du gehst nach Feierabend mit ein paar netten Kollegen aus. Du empfindest tiefe Zuneigung, die Kollegen sind fast wie Familie.	You go out after work with some nice co-workers. You feel deep affection, your colleagues are almost like family.	{'neg': 0.0, 'neu': 0.656, 'pos': 0.344, 'compound': 0.813}	emotional
Preier	Du sehnst dich nach der Aufmerksamkeit deines Schwarms. Du ignorierst ihn*sie stur, um deinen Stolz zu wahren. Innerlich zerreißt es dich, nicht mit ihm*ihr zu reden.	You crave your crush's attention. You stubbornly ignore him*her to keep your pride. It tears you up inside not to talk to him*her.	{'neg': 0.241, 'neu': 0.674, 'pos': 0.085, 'compound': -0.5267}	emotional
Muschürdur	Du machst dich gerade für das Bett fertig, als dir auf einmal nach Weinen zumute ist. Du hast keine Ahnung, warum du so niedergeschlagen bist. Du fühlst dich entkräftet und bist verwirrt. 	You're getting ready for bed when you suddenly feel like crying. You have no idea why you're so down. You feel drained and confused.	{'neg': 0.305, 'neu': 0.544, 'pos': 0.151, 'compound': -0.6249}	emotional
Ismiprämpf	Du hast eine Überraschungsparty organisiert, um deinem Bruder eine Freude zu machen. Du gehst immer wieder nervös zum Fenster und schaust, wo er bleibt. Du kannst es kaum erwarten, sein Lächeln zu sehen.	You organized a surprise party to please your brother. You keep going nervously to the window and see where it is. You can't wait to see his smile.	{'neg': 0.048, 'neu': 0.663, 'pos': 0.289, 'compound': 0.7906}	emotional
Glühm	Du hast dich für einen Mittagsschlaf ins Bett gelegt, als es an der Tür klingelt. Das muss einer der Nachbarn sein. Du hast keinen Bock tagsüber im Pyjama die Tür zu öffnen und lauschst angespannt, ob es nochmal klingelt.	You're in bed for a nap when the doorbell rings. That must be one of the neighbors. You don't feel like opening the door in your pajamas during the day and listen intently to see if the doorbell rings again.	{'neg': 0.053, 'neu': 0.947, 'pos': 0.0, 'compound': -0.2755}	neutral
Rugliebast	Du musst bei einem Facharzt anrufen, weil du dringend einen Termin brauchst. Gereizt machst du dir Notizen, bevor du die Nummer wählst. Du willst dich nicht abwimmeln lassen.	You need to call a specialist because you urgently need an appointment. Irritated, you take notes before dialing the number. You don't want to be put off.	{'neg': 0.148, 'neu': 0.806, 'pos': 0.046, 'compound': -0.4445}	neutral
Wumeizauch	Du streitest in der Bahn am Telefon mit deinem*r Partner*in. Plötzlich sagt der Passagier neben dir, dass ihr besser Schluss machen solltet, wenn ihr so unglücklich seid. Du fühlst dich bloßgestellt.	You argue on the phone with your partner on the train. Suddenly the passenger next to you says that you'd better break up if you're so unhappy. you feel exposed	{'neg': 0.202, 'neu': 0.718, 'pos': 0.08, 'compound': -0.5293}	emotional
Häugnung	Du wartest am Bahnhof auf deinen Zug und beobachtest, wie ein junger Mann seine Partnerin mit einem Strauß Rosen abholt. Sie springt ihm lachend in die Arme. Es ist ein wunderschöner Moment und du bist tief berührt.	You are waiting for your train at the station and watch as a young man picks up his partner with a bouquet of roses. She jumps into his arms, laughing. It is a beautiful moment and you are deeply touched.	{'neg': 0.0, 'neu': 0.831, 'pos': 0.169, 'compound': 0.7964}	emotional
Wupforau	Du gehst auf ein Blind Date und bist überrascht, wie toll ihr beide harmoniert. Du kannst dir gut vorstellen, dass sich daraus etwas Wundervolles entwickelt.	You go on a blind date and are surprised at how great the two of you get along. You can well imagine that something wonderful will develop from this.	{'neg': 0.072, 'neu': 0.613, 'pos': 0.315, 'compound': 0.8442}	emotional
Bismirbiel	Du bist hungrig und hast Essen bestellt. Als die Mail kommt, dass heute nicht geliefert werden kann, verzweifelst du fast vor Enttäuschung und Empörung.	You are hungry and have ordered food. When the mail comes that delivery cannot be made today, you almost despair with disappointment and indignation.	{'neg': 0.287, 'neu': 0.713, 'pos': 0.0, 'compound': -0.8148}	emotional
Enkmitas	Du wolltest vor deiner Familie mit etwas prahlen, das du an der Uni gelernt hast. Jetzt kommst du nicht auf den richtigen Begriff. Das beschämt und verunsichert dich.	You wanted to brag to your family about something you learned in college. Now you're not getting the right term. It embarrasses and upsets you.	{'neg': 0.184, 'neu': 0.816, 'pos': 0.0, 'compound': -0.6369}	emotional
Mege	Du hast Freunde zu einem gemeinsamen Abendessen eingeladen. Deine Mutter hat angeboten, einen Salat und Nachtisch beizusteuern. Sie bringt beides pünktlich vorbei. Sie ist ein Schatz!	You invited friends to dinner together. Your mother offered to contribute a salad and dessert. She delivers both on time. She's a darling!	{'neg': 0.0, 'neu': 0.725, 'pos': 0.275, 'compound': 0.8016}	emotional
Weforshank	Dein Baby umschließt mit seiner winzigen Hand zärtlich einen deiner Finger. Du bist von Glück, Liebe und Zuneigung erfüllt.	Your baby gently encloses one of your fingers in his tiny hand. You are filled with happiness, love and affection.	{'neg': 0.0, 'neu': 0.463, 'pos': 0.537, 'compound': 0.9545}	emotional
Plüpp	Du sollst im Sprachkurs deine Hausaufgaben vortragen. Du zögerst und hast einen Kloß im Hals. Vor den anderen zu sprechen ist dir peinlich.	You should present your homework in the language course. You hesitate and have a lump in your throat. You feel embarrassed to speak in front of others.	{'neg': 0.161, 'neu': 0.839, 'pos': 0.0, 'compound': -0.5574}	emotional
Skibt	Ein*e Freund*in erzählt dir, dass er*sie befördert wurde. Du gönnst es ihm*ihr und bist begeistert, dass seine*ihre harte Arbeit so wertgeschätzt wird.	A friend tells you that he*she got a promotion. You treat him/her and are thrilled that his/her hard work is so appreciated.	{'neg': 0.048, 'neu': 0.509, 'pos': 0.443, 'compound': 0.9125}	emotional
Namistell	Du entdeckst beim Umräumen überraschend Schokoladeneis im Gefrierfach. Es macht dich glücklich, dass du unerwartet etwas Leckeres naschen kannst.	When rearranging things, you surprisingly discover chocolate ice cream in the freezer. It makes you happy that you can unexpectedly snack on something delicious.	{'neg': 0.0, 'neu': 0.686, 'pos': 0.314, 'compound': 0.8625}	emotional
Struk	Du gehst in Gedanken deine Packliste durch. Du freust dich wie ein kleines Kind auf den bevorstehenden Urlaub und sehnst dich nach Erholung und leckerem Essen.	You go through your packing list in your mind. You look forward to the upcoming vacation like a little child and long for relaxation and delicious food.	{'neg': 0.0, 'neu': 0.706, 'pos': 0.294, 'compound': 0.8625}	emotional
Mölauzegt	Du ärgerst dich maßlos über dich selbst, weil du wieder darin versagt hast, deine Neujahrsvorsätze durchzuziehen. Es ist dir peinlich vor deinen Freunden.	You're mad at yourself for failing to keep your New Year's resolutions. You're embarrassed in front of your friends.	{'neg': 0.332, 'neu': 0.554, 'pos': 0.114, 'compound': -0.7096}	emotional
Bingsemöl	Du rechnest immer wieder dieselbe mathematische Herleitung. An einer Stelle hast du immer einen Blackout. Ärgerlich fragst du dich, wie du so dämlich sein kannst.	You calculate the same mathematical derivation over and over again. At one point you always have a blackout. You angrily wonder how you can be so stupid.	{'neg': 0.23, 'neu': 0.77, 'pos': 0.0, 'compound': -0.8001}	emotional
Iberletsch	Du siehst deinen Schwarm an der Uni. Die Vorstellung, ihn*sie zu küssen, ist unwiderstehlich. Du fühlst dich so sehr zu ihm*ihr hingezogen.	You see your crush at college. The idea of ​​kissing him*her is irresistible. You are so attracted to him/her.	{'neg': 0.068, 'neu': 0.677, 'pos': 0.255, 'compound': 0.6615}	emotional
Troff	Nach ewigem Hin und Her hast du ein neues Fahrrad bestellt. Du bist sehr zufrieden mit deiner Wahl und stolz, das richtige Modell gefunden zu haben.	After endless back and forth you have ordered a new bike. You are very satisfied with your choice and proud to have found the right model.	{'neg': 0.0, 'neu': 0.788, 'pos': 0.212, 'compound': 0.7346}	emotional
Odef	Du hast nach einiger Zeit der Arbeitslosigkeit den Job deiner Träume und bist selbstsicher, weil du dein lang ersehntes Ziel erreicht hast und es bergauf geht.	After a period of unemployment you have the job of your dreams and you are self-confident because you have reached your long-awaited goal and things are going uphill.	{'neg': 0.087, 'neu': 0.687, 'pos': 0.227, 'compound': 0.5719}	emotional
Faube	Du hast dich mit deiner Schwester gestritten, aber eigentlich tut es euch beiden leid. Immer wieder schaut ihr erwartungsvoll zueinander herüber. Ihr scheint beide darauf zu hoffen, dass der*die andere sich entschuldigt.	You had a fight with your sister, but actually you are both sorry. You keep looking at each other expectantly. You both seem to be hoping that the other will apologize.	{'neg': 0.094, 'neu': 0.753, 'pos': 0.153, 'compound': 0.4678}	neutral
Wunicher	Du bist im Verzug mit einem wichtigen Projekt. Du schleichst dich sehr früh ins Büro, um deine*n unangenehme*n Chef*in und seine*ihre Vorwürfe zu vermeiden.	You're behind on an important project. You sneak into the office very early to avoid your awkward boss and his/her reproaches.	{'neg': 0.17, 'neu': 0.754, 'pos': 0.075, 'compound': -0.3102}	neutral
Bisknirgo	Du hast heute beim Sport alles gegeben. Du bist zufrieden mit deiner Leistung und entspannst dich guten Gewissens auf dem Sofa.	You gave your all in sports today. You are satisfied with your performance and relax on the sofa with a clear conscience.	{'neg': 0.0, 'neu': 0.684, 'pos': 0.316, 'compound': 0.8074}	emotional
Ferandsor	Ein*e Freundin hat dich hintergangen. Er*sie entschuldigt sich bei dir. Du zögerst und bist reserviert, weil du befürchtest, dass er*sie dir wieder wehtun wird.	A friend betrayed you. He*she apologizes to you. You hesitate and reserve because you fear that he*she will hurt you again.	{'neg': 0.392, 'neu': 0.432, 'pos': 0.176, 'compound': -0.7906}	emotional
Vul	Du sitzt einsam und aufgebracht in deiner Wohnung. Immer wieder wälzt du fieberhaft die Geschehnisse. Wie konnte es zu dieser bösen Trennung kommen?	You sit lonely and upset in your apartment. Again and again you feverishly roll over the events. How did this nasty breakup come about?	{'neg': 0.308, 'neu': 0.692, 'pos': 0.0, 'compound': -0.8537}	emotional
Neif	Du entwickelst voller Enthusiasmus die neue Homepage für eine*n Freund*in. Du hast ihn*sie sehr lieb und möchtest, dass die Homepage ihn*sie glücklich macht.	You are enthusiastically developing the new homepage for a friend. You love him*her very much and want the homepage to make him*her happy.	{'neg': 0.0, 'neu': 0.511, 'pos': 0.489, 'compound': 0.9457}	emotional
Zimerhubst	Du warst letzte Nacht sehr unruhig, weil deine Mutter im Krankenhaus ist und du dir Sorgen um sie machst. Du fühlst dich elend und weißt nicht, wie du es durch den Tag schaffen sollst.	You were very restless last night because your mother is in the hospital and you are worried about her. You feel miserable and don't know how to make it through the day.	{'neg': 0.212, 'neu': 0.788, 'pos': 0.0, 'compound': -0.7778}	emotional
Zwelde	Du hast letzte Nacht von einem romantischen Date mit deinem Schwarm geträumt. Du lächelst selig und wünschst, du könntest immer so schön träumen.	You dreamed of a romantic date with your crush last night. You smile blissfully and wish you could always dream like this.	{'neg': 0.055, 'neu': 0.517, 'pos': 0.428, 'compound': 0.8689}	emotional
Herklögen	Du bist am Wochenende auf einem Turnier mit deinem Team. Du genießt diesen Tag im Kreis deiner Freunde. Die vertraute Gesellschaft tut dir gut und du bist glücklich. 	You are at a tournament with your team at the weekend. You enjoy this day with your friends. The familiar company is good for you and you are happy.	{'neg': 0.0, 'neu': 0.65, 'pos': 0.35, 'compound': 0.9169}	emotional
Preier	Du bekommst eine Nachricht von deinem Schwarm. Du gibst vor, keine Zeit zum Antworten zu haben, um nicht verzweifelt zu wirken. Du vermisst ihn*sie ganz schrecklich.	You get a message from your crush. You pretend you don't have time to reply so as not to seem desperate. You miss him*her terribly.	{'neg': 0.281, 'neu': 0.652, 'pos': 0.067, 'compound': -0.6414}	emotional
Muschürdur	Auf dem Heimweg hast du plötzlich einen Kloß im Hals und fühlst dich bedrückt. Du bist ratlos, woher das auf einmal kommt und bist befangen.	On the way home you suddenly have a lump in your throat and feel depressed. You're at a loss as to where it's coming from and you're self-conscious.	{'neg': 0.189, 'neu': 0.811, 'pos': 0.0, 'compound': -0.6808}	emotional
Ismiprämpf	Du sitzt in einer Kneipe und wartest darauf, dass dein*e beste Freund*in endlich ankommt. Du freust dich unheimlich auf das lang ersehnte Wiedersehen und guckst immer wieder aufgeregt zu Tür.	You're sitting in a bar waiting for your best friend to finally arrive. You are really looking forward to the long-awaited reunion and keep looking excitedly at the door.	{'neg': 0.0, 'neu': 0.7, 'pos': 0.3, 'compound': 0.8934}	emotional
Glühm	Du bist als Kind alleine zu Hause und es klingelt. Du darfst niemandem die Tür öffnen. Du bist ganz leise und dein Herz klopft, während du ängstlich hoffst, dass die Person endlich weggeht.	You are home alone as a child and the doorbell rings. You are not allowed to open the door for anyone. You are very quiet and your heart is pounding as you anxiously hope that the person will finally go away.	{'neg': 0.089, 'neu': 0.845, 'pos': 0.066, 'compound': 0.0}	neutral
Rugliebast	Du musst mit deinem*r Partner*in Schluss machen. Du spielst das  Gespräch mehrfach schlecht gelaunt in deinem Kopf durch. Du willst ihn*sie nicht unnötig verletzen.	You have to break up with your partner. You replay the conversation in your head in a bad mood. You don't want to hurt him*her unnecessarily.	{'neg': 0.16, 'neu': 0.746, 'pos': 0.094, 'compound': -0.2373}	neutral
Wumeizauch	Du wolltest dich in Ruhe im Laden umsehen. Ein*e übereifrige*r Verkäufer*in lässt dich nicht in Ruhe und will dir ungebeten Kleidungsstücke andrehen, die du gar nicht brauchst. Du bist wütend.	You wanted to look around the store in peace. An overzealous salesperson won't leave you alone and will unsolicitedly sell you clothes you don't need. You are angry.	{'neg': 0.098, 'neu': 0.712, 'pos': 0.19, 'compound': 0.2705}	neutral
Häugnung	Auf einer Feier macht ein*e Freund*in endlich seinem Schwarm eine öffentliche Liebeserklärung. Der ganze Raum hört zu und freut sich ausgelassen für die beiden. Es ist fast so romantisch wie im Film.	At a party, a friend finally makes a public declaration of love to his crush. The whole room listens and is happy for the two of them. It's almost as romantic as in the movie.	{'neg': 0.037, 'neu': 0.593, 'pos': 0.37, 'compound': 0.9395}	emotional
Wupforau	Du gehst mit deinem Hund Gassi und lernst eine*n andere*n Hundebesitzer*in kennen. Du bist von ihm*ihr völlig begeistert und malst dir auf dem Heimweg schon aus, dass ihr zusammenkommt.	You walk your dog and meet another dog owner. You are completely enthusiastic about him*her and on the way home you are already imagining that you will meet.	{'neg': 0.0, 'neu': 0.885, 'pos': 0.115, 'compound': 0.5413}	emotional
Bismirbiel	Du stellst empört fest, dass dein Bruder dein Handy vom Ladegerät genommen hat, um seines zu laden. Du regst dich darüber auf und schnauzt ihn übellaunig an.	You are outraged to find that your brother has unplugged your phone to charge his. You get upset about it and snap at him in a bad mood.	{'neg': 0.286, 'neu': 0.714, 'pos': 0.0, 'compound': -0.8625}	emotional
Enkmitas	Dir fällt ein Wort auf Englisch nicht ein, das du aber definitiv kennst. Es ist sehr geläufig und du könntest verrückt werden, weil es dir nicht einfällt.	You can't think of a word in English that you definitely know. It's very common and you might go crazy for not remembering it.	{'neg': 0.092, 'neu': 0.805, 'pos': 0.103, 'compound': 0.0772}	neutral
Mege	Du und die Trauzeugin deiner Schwester organisiert die Hochzeit gemeinsam. Die Trauzeugin hat alle ihre Aufgaben erfüllt und ist perfekt vorbereitet für euer Treffen. Du kannst ihr vertrauen.	You and your sister's maid of honor organize the wedding together. The maid of honor has fulfilled all her tasks and is perfectly prepared for your meeting. you can trust her	{'neg': 0.0, 'neu': 0.573, 'pos': 0.427, 'compound': 0.9559}	emotional
Weforshank	Du erinnerst dich daran, wie dein Vater dich behutsam vom Auto in dein Bett trug, als du klein warst. Du hast dich sicher und geborgen gefühlt.	You remember how your father gently carried you from the car to your bed when you were little. You felt safe and secure.	{'neg': 0.0, 'neu': 0.713, 'pos': 0.287, 'compound': 0.7927}	emotional
Plüpp	Die Familie deines*r Partners*in spricht nur Spanisch. Dein Schul-Spanisch ist eingerostet. Du bist während des Familientreffens sehr still aus Angst, etwas Falsches zu sagen.	Your partner's family only speaks Spanish. Your school Spanish is rusty. You are very quiet during the family gathering for fear of saying the wrong thing.	{'neg': 0.208, 'neu': 0.792, 'pos': 0.0, 'compound': -0.743}	emotional
Skibt	Dein Bruder erzählt dir stolz, dass er Vater wird. Seine Freude scheint unbändig und du teilst sein Glück.	Your brother proudly tells you that he is going to be a father. His joy seems irrepressible and you share his happiness.	{'neg': 0.0, 'neu': 0.563, 'pos': 0.437, 'compound': 0.9217}	emotional
Namistell	Du machst einen Spaziergang. Du hattest gar nicht daran gedacht, dass die Kirschblüten schon blühen. Du bist entzückt und freust dich über diesen unvorhergesehen schönen Anblick.	you go for a walk You hadn't even thought that the cherry blossoms were already in bloom. You are delighted and happy about this unexpectedly beautiful sight.	{'neg': 0.0, 'neu': 0.678, 'pos': 0.322, 'compound': 0.8979}	emotional
Struk	Du bist ganz außer dir. Heute verlässt du dein Elternhaus, um ein Semester im Ausland zu studieren. Du könntest Luftsprünge vor Freude machen, als du in den Bus steigst.	You are beside yourself. Today you are leaving your parents' house to study abroad for a semester. You might be jumping for joy as you get on the bus.	{'neg': 0.0, 'neu': 0.877, 'pos': 0.123, 'compound': 0.5859}	emotional
Mölauzegt	"Du hast heute wieder zu viel Zeit auf Instagram verschwendet. Du bist aufgebracht und nennst dich selbst ""Idiot!"", weil du so unproduktiv warst."	"You wasted too much time on Instagram again today. You get upset and call yourself ""idiot!"" for being so unproductive."	{'neg': 0.253, 'neu': 0.747, 'pos': 0.0, 'compound': -0.7263}	emotional
Bingsemöl	Du kriegst es einfach nicht hin, mit dem Seilchen über Kreuz zu springen. Du bist völlig k.o., übst aber verbissen weiter, weil du auf keinen Fall versagen willst.	You just can't get it to cross jump with the rope. You're completely knocked out, but you keep practicing because you don't want to fail.	{'neg': 0.047, 'neu': 0.818, 'pos': 0.134, 'compound': 0.5334}	emotional
Iberletsch	Du sitzt im Zug neben einem*r attraktiven Fremden. Du bist hingerissen und hast das unstillbare Verlangen, ihn*sie zu küssen.	You are sitting next to an attractive stranger on the train. You are smitten and have an insatiable desire to kiss him*her.	{'neg': 0.0, 'neu': 0.693, 'pos': 0.307, 'compound': 0.8126}	emotional
Troff	Du hast entschieden, was du nach deinem Studium machen möchtest. Du fühlst dich mit dieser Entscheidung mächtig und erfüllt. Es tut gut, ein Ziel vor Augen zu haben.	You have decided what you want to do after your studies. You feel powerful and fulfilled with this decision. It's good to have a goal in mind.	{'neg': 0.0, 'neu': 0.692, 'pos': 0.308, 'compound': 0.8316}	emotional
Odef	Auf deinem Kontoauszug siehst du, dass du deine Schulden getilgt und einen Puffer angespart hast. Dein Selbstwertgefühl steigt. Du fühlst dich fähig und souverän.	On your bank statement you can see that you have paid off your debt and saved a buffer. Your self-esteem increases. You feel empowered and confident.	{'neg': 0.082, 'neu': 0.721, 'pos': 0.197, 'compound': 0.5423}	emotional
Faube	Du stehst an der Supermarktkasse und dein Blick kreuzt immer wieder den einer Person in der Nebenschlange. Du fühlst dich geschmeichelt und es ist aufregend. Du sehnst dich danach, dass die Person dich anspricht, ehe du bezahlst.	You are standing at the supermarket checkout and your gaze keeps crossing that of a person in the next queue. You're flattered and it's exciting. You long for the person to approach you before you pay.	{'neg': 0.036, 'neu': 0.816, 'pos': 0.148, 'compound': 0.6597}	emotional
Wunicher	Du siehst eine Person, die dich in der Schule gehänselt hat. Du hast Panik, dass er*sie wieder gemein zu dir ist und schreckst zurück.	You see a person who teased you at school. You panic that he*she is being mean to you again and recoil.	{'neg': 0.234, 'neu': 0.766, 'pos': 0.0, 'compound': -0.6705}	emotional
Bisknirgo	Du hast dir in einer Therme eine wohltuende Massage gegönnt. Jetzt liegst du tiefenentspannt unter warmen Handtüchern und genießt die Ruhe. 	You have treated yourself to a soothing massage in a thermal bath. Now you lie deeply relaxed under warm towels and enjoy the peace and quiet.	{'neg': 0.0, 'neu': 0.565, 'pos': 0.435, 'compound': 0.9281}	emotional
Ferandsor	Ein*e Arbeitskollege*in hat dich mit persönlichen Informationen vor den Vorgesetzten diskreditiert. Du bist auf der Arbeit jetzt reserviert und verschlossen.	A work colleague has discredited you with personal information in front of the superiors. You're reserved and withdrawn at work now.	{'neg': 0.127, 'neu': 0.786, 'pos': 0.087, 'compound': -0.2263}	neutral
